Smiles,Molecule Name,Standard Value,Standard Units
Ic1cc(F)c(Nc2c(F)c(F)c(CN3C(=O)CCCO3)cc2C(=O)NOCCO)cc1,RO-4987655,30000,nM
Fc1c(C(=O)NC)ccc(C2=Nn3c(Cc4cc5c(nccc5)cc4)cnc3N=C2)c1,CAPMATINIB,30000,nM
S(=O)(=O)(N(C(=O)C)c1c(/C=C/c2cc[n+]([O-])cc2)cccc1)c1ccc(OC)cc1,HMN-214,30000,nM
S(c1c(C(=O)NC)cccc1)c1cc2[nH]nc(/C=C/c3ncccc3)c2cc1,AXITINIB,30000,nM
S(Cc1oc(C(C)(C)C)cn1)c1sc(NC(=O)C2CCNCC2)nc1,BMS-387032,30000,nM
FC(F)(F)c1cc(NC(=O)c2cc(Nc3nc(-c4cnccc4)ccn3)c(C)cc2)cc(-n2cc(C)nc2)c1,NILOTINIB,30000,nM
O=C1NCc2c3c4n([C@]5(C)[C@@](O)(CO)C[C@@](O5)n5c4c(c4c5cccc4)c12)c1c3cccc1,LESTAURTINIB,30000,nM
O=C(Nc1ccc(-c2nc(Nc3ccc(N4CCOCC4)cc3)ncc2)cc1)C1NCCC1,XL-019,30000,nM
Clc1c(F)ccc(Nc2ncnc3c2cc(NC(=O)C=C)c(OCCCN2CCOCC2)c3)c1,CANERTINIB,30000,nM
O=C1[C@@]2(O)[C@](C)CC[C@](O2)C[C@](OC)/C(/C)=C/C=C/C=C/[C@@](C)C[C@@](C)C(=O)[C@](OC)[C@](O)/C(/C)=C/[C@@](C)C(=O)C[C@@]([C@@](C[C@]2C[C@@](OC)[C@](OCCO)CC2)C)OC(=O)[C@]2N(C1=O)CCCC2,EVEROLIMUS,30000,nM
C(n1nnc(-c2cc3c([nH]nc3)cc2)c1)c1c(C)cc(C)cc1,,10000,nM
NC=1N=Cn2c(nc(-c3ccccc3)c2)C=1,,100000,nM
Nc1n[nH]c2nnc(c(-c3ccccc3)c12)-c1ccccc1,,10000,nM
N(C(C)C)c1c(-c2cc3c([nH]nc3)cc2)nc2n1C=CC=N2,,5011.8701,nM
O=C(Nc1cnc2[nH]cc(-c3ccccc3)c2c1)c1ccc(OC)cc1,,10000,nM
Clc1cc(Nc2c(c(-c3ccc(O)cc3)n[nH]2)-c2ccc(O)cc2)ccc1,,3981.0701,nM
O=C(NN=Cc1sccc1)c1c(n(-c2c(N)non2)nn1)-c1ccccc1,,10000,nM
Brc1c2n(nc1)C=C(c1ccc(OC)cc1)C=N2,,10000,nM
O=C1c2c(n(C)nc2)CCC1,,25118.859,nM
O=C(Nc1n[nH]c2nc3c(cc12)cccc3)CCC,,10000,nM
O=C(n1nc(N)c2c1ccc(-c1nnn(Cc3ccccc3)c1)c2)C1CCN(C)CC1,,10000,nM
O(CCCN)c1cc(-c2ccc(Nc3oc4c(n3)cccc4)cc2)c2c(C(=O)NC2)c1,,10000,nM
O=C(Nc1cc(C)ccc1)Nc1ccc(-c2c3c(N)ncc(C#CCN(C)C)c3sc2)cc1,,10000,nM
O=C(NC(CO)c1ccccc1)c1ccc(-c2ccncc2)cc1,,5011.8701,nM
Brc1ccc(-c2c3c(N)n[nH]c3ccc2)cc1,,5011.8701,nM
Fc1c(N2CC(N)CC2)c(F)cc2C(=O)C(C(=O)O)=C3SCC(C)N3c12,,10000,nM
Clc1c(Nc2c(S(=O)(=O)C(C)C)cccc2)nc(Nc2c(OC)cc(N3CCC(N4CCN(C)CC4)CC3)cc2)nc1,TAE-684,10000,nM
N(Nc1[nH]c2c(n1)cccc2)=Cc1c2c([nH]c1)cccc2,,10000,nM
O=C1NCc2c3c4n([C@]5(C)[C@](OC)[C@](NC)C[C@@](O5)n5c4c(c4c5cccc4)c12)c1c3cccc1,STAUROSPORINE,5,nM
Clc1c(C[C@](NC(=O)c2sc(-c3nc(NC)ncc3)cc2)C(=O)OC)ccc(Cl)c1,,2400,nM
Fc1c(CNC=2C(=O)C(=O)C=2Nc2ccncc2)cccc1,,5011.8701,nM
Fc1ccc(-c2c(-c3nc(NCC(CO)(C)C)ncc3)n3c(n2)C=NC=C3)cc1,,10000,nM
O(CC1N(C)CC1)c1cc(CCc2ccncc2)cnc1,,10000,nM
Fc1cc(-c2c3c(sc(C(=O)OC)c3)cnc2)ccc1,,10000,nM
Ic1nn(C2C(O)C(O)C(CO)O2)c2ncnc(N)c12,,10000,nM
N#Cc1c(-c2ccccc2)c2c(C)n[nH]c2nc1,,10000,nM
O=C(Nc1ccc(NC(=O)c2c3c(N)ncnc3sc2)cc1)Nc1ccccc1,,10000,nM
Clc1cc(NC(=O)Nc2ccc(-c3c4c(N)nccc4sc3)cc2)ccc1,,10000,nM
O=C(NCCCCCCNC(=O)Nc1cnccc1)Nc1cnccc1,,10000,nM
Oc1c(-c2ncc(CN3CCOCC3)cc2)c2c([nH]1)ccc(C#N)c2,AZD-1080,10000,nM
S(=O)(=O)(N)c1ccc(CNC(=O)c2nc(OCC)c(C#N)c(N)c2)cc1,,10000,nM
Clc1cc2C(c3c(F)cccc3OC)=NCc3c(nc(Nc4cc(OC)c(C(=O)O)cc4)nc3)-c2cc1,ALISERTIB,10000,nM
Fc1c(Nc2oc3c(C)cc(C)cc3n2)ccc(-c2c(N)c(C(=O)N)ccc2)c1,,10000,nM
Fc1cc2C(=Cc3c(C)c(C(=O)NCCN(CC)CC)c(C)[nH]3)C(=O)Nc2cc1,,6309.5698,nM
FC(F)(F)c1cc(NC(=O)Nc2ccc(-c3c(N)c4nccnc4cc3)cc2)ccc1,,10000,nM
Brc1cc(NC(=O)Nc2ccc(-c3c4c(N)noc4c(OC)cc3)cc2)ccc1,,10000,nM
Clc1ccc(CNC2=Nn3c(-c4ccccc4)nnc3C=C2)cc1,,10000,nM
Oc1n(C2CCN(Cc3ccc(-c4c(-c5ccccc5)nc(CC(C)C)c(O)n4)cc3)CC2)c2c(n1)cccc2,,21870,nM
O=C(O)c1cc2nc(c(-c3ccc(CN4CCC(N5C(=O)Nc6c5cccc6)CC4)cc3)nc2cc1)-c1ccccc1,,50000,nM
O=C(Nc1cc(-c2c(-c3nc(Nc4cc(N5CCOCC5)ccc4)ncc3)n3c(SC=C3)n2)ccc1)Cc1ccccc1,,1000,nM
O=C(N[C@@](C(=O)N)CCCNC(=N)N)[C@](NC(=O)CCCCCNC(=O)[C@](NC(=O)CCCCCNC(=O)C)CCCCN)CCCNC(=N)N,,2,nM
O=C(N[C@@](C(=O)N)CCCNC(=N)N)[C@](NC(=O)CCCCCNC(=O)[C@](NC(=O)CCCCCNC(=O)c1nnn(-c2ncnc3[nH]cnc23)c1)CCCCN)CCCNC(=N)N,,27000,nM
O=C(NCCCCCC(=O)N[C@@](C(=O)NCCCCCC(=O)N[C@@](C(=O)N[C@@](C(=O)N)CCCNC(=N)N)CCCNC(=N)N)CCCCN)Nc1ccc(C(=O)N)cc1,,100000,nM
O=C(N[C@@](C(=O)N)CCCNC(=N)N)[C@](NC(=O)CCCCCNC(=O)[C@](NC(=O)CCCCCNC(=O)c1cc(-c2nc(N)ncc2)ccc1)CCCCN)CCCNC(=N)N,,100000,nM
S(=O)(=O)(C)N1CCN(Cc2sc3c(N4CCOCC4)nc(-c4c5c([nH]nc5)ccc4)nc3c2)CC1,PICTILISIB,10000,nM
Clc1c(NS(=O)(=O)C)cc2OCCCCCOc3c(C#N)ncc(n3)NC(=O)Nc2c1,,10000,nM
Clc1c(OCCCO)cc2OCCCCCOc3c(C#N)ncc(n3)NC(=O)Nc2c1,,4890,nM
Oc1n(C2CCN(Cc3ccc(-c4c(-c5ccccc5)nc(O)c(Cc5ccccc5)n4)cc3)CC2)c2c(n1)cccc2,,50000,nM
Clc1c(-c2n(C)ncc2Cl)cc(C(=O)N[C@](CN)Cc2cc(F)ccc2)s1,AFURESERTIB,1.585,nM
O=C(NC)c1cc(-c2nc3nc(N4[C@@](C)COCC4)nc(N4[C@@](C)COCC4)c3cc2)ccc1,VISTUSERTIB,30000,nM
O=C(Nc1n[nH]c2C(C)(C)N(C(=O)C3CCN(C)CC3)Cc12)CC(C)C,PHA-793887,30000,nM
Clc1c(OCc2sccn2)ccc(Nc2ncnc3c2cc(NC=2OC[C@@](C)N=2)cc3)c1,VARLITINIB,30000,nM
Clc1c(Nc2c(S(=O)(=O)C(C)C)cccc2)nc(Nc2c(OC(C)C)cc(c(C)c2)C2CCNCC2)nc1,CERITINIB,30000,nM
O=C(O[C@]1C=2[C@@]3(C)[C@@](COC)OC(=O)/C(=C/N(CC=C)CC=C)/C3=C(O)C(=O)C=2[C@]2[C@@](C)(C(=O)CC2)C1)C,SONOLISIB,30000,nM
S(=O)(=O)(N(C)c1c(CNc2c(C(F)(F)F)cnc(Nc3cc4c(NC(=O)C4)cc3)n2)cccn1)C,PF-00562271,30000,nM
Fc1c(-c2cc(F)c3nc(C)n(C(C)C)c3c2)nc(Nc2ncc(CN3CCN(CC)CC3)cc2)nc1,ABEMACICLIB,30000,nM
Clc1c(OCCO)cc2OCCCCCOc3c(C#N)ncc(n3)NC(=O)Nc2c1,,1995.26,nM
Clc1cc(F)c(-c2c(c(C3CCN(C(=O)CO)CC3)[nH]n2)-c2ncncc2)cc1,,10000,nM
O=C(N(CC)CC)Nc1cc2nc(c(-c3occc3)nc2cc1)-c1occc1,,5011.8701,nM
FC(F)(F)c1cc(NC(=O)Nc2ccc(C3=C(N)n4ncc(-c5cn(C)nc5)c4N=C3)cc2)ccc1,,10000,nM
O=C(NC(CN)c1ccccc1)c1ccc(-c2ccncc2)cc1,,316.23001,nM
O=[N+]([O-])c1c(Nc2c(C(=O)N)cccc2)nc(Nc2cc(OC)c(OC)c(OC)c2)nc1,,10000,nM
O=C(OC)c1c(-c2cc3Nc4c(NC(=O)c3cc2)cccc4)cccc1,,10000,nM
O=C1C(c2nc(N3CCN(C)CC3)nc3c2cccc3)=C(c2c3c([nH]c2)cccc3)C(=O)N1,SOTRASTAURIN,10000,nM
O=C(Nc1cc2[nH]cc3c2c(C(=O)NN=C3)c1)C1C(c2ccccc2)C1,,39.810001,nM
FC(F)(F)c1cc(NC(=O)Nc2ccc(C3=Nc4c(NC)ncnc4NCC3)cc2)ccc1,,10000,nM
S(C)c1c(C(=O)N)c(N)n(-c2ncccc2)n1,,10000,nM
O(CCc1ncccc1)c1nc(NN)cc(N2CCOCC2)n1,,10000,nM
FC(F)(F)CNC(=O)c1scc(-c2c3n(nc2)C=C(c2ccc(OCCN4CCCCC4)cc2)C=N3)c1,,100000,nM
Nc1c(-c2n(-c3ccc(C4(N)CCC4)cc3)c3nc(-c4ccccc4)ccc3n2)cccn1,,16,nM
O=C1N(C2CCN(Cc3ccc(-c4c(-c5ccccc5)cc(C#N)cn4)cc3)CC2)c2c(N1)cccc2,,50000,nM
N(c1nc(-c2c(C)nc(N)s2)ccn1)c1ccc(N2CCOCC2)cc1,CYC-116,30000,nM
Ic1cc(F)c(NC=2N(C)C(=O)C(C)=CC=2C(=O)NOCCO)cc1,AZD-8330,30000,nM
Fc1c(Oc2c(-c3c[nH]nc3)cc3n(C)ncc3c2)ccc(NC(=O)C=2C(=O)N(c3ccc(F)cc3)C(C)=CC=2)c1,MERESTINIB,30000,nM
O=C(NCCc1ccncc1)c1sc(-c2nc(NC)ncc2)cc1,,25000,nM
Clc1c(C[C@](NC(=O)c2sc(-c3nc(NC)ncc3)cc2)C)ccc(Cl)c1,,820,nM
Clc1c(OCC)nc(NC(=O)Cc2c(OC)cc(S(=O)(=O)C)c(OC)c2)cc1N,,9500,nM
O(C[C@@](N)Cc1c2c([nH]c1)cccc2)c1cc(/C=C/c2ccncc2)cnc1,,354,nM
Clc1c(CCCO)cc2OCCCCCOc3c(C#N)ncc(n3)NC(=O)Nc2c1,,10000,nM
Clc1c(F)ccc([C@](NC(=O)c2[nH]cc(-c3c(-c4cc(Cl)ccc4)c[nH]n3)c2)CO)c1,,1800,nM
O=C(NCCN(CC)CC)c1cc2nc(c(-c3ccccc3)nc2cc1)-c1ccc(CN2CCC(N3C(=O)Nc4c3cccc4)CC2)cc1,,10000,nM
S(=O)(=O)(N)c1ccc(CCNC(=O)c2sc(-c3nc(NC)ncc3)cc2)cc1,,19000,nM
O=C(NCCN(C)C)c1sc(-c2nc(NC)ncc2)cc1,,7000,nM
Clc1ccc(C(NC(=O)C2(N)CCN(c3ncnc4[nH]ccc34)CC2)C(=O)N)cc1,,105,nM
O(C[C@@](N)Cc1c2c([nH]c1)cccc2)c1cc(c(C#C)nc1)-c1cc2c(cncc2)cc1,,39,nM
Clc1cc2C(c3c(F)cccc3F)=NCc3c(nc(Nc4ccc(C(=O)O)cc4)nc3)-c2cc1,MLN-8054,10000,nM
FC(F)(F)c1[nH]c(-c2nccc(Oc3cc4nc(Nc5ccc(C(F)(F)F)cc5)n(C)c4cc3)c2)nc1,RAF-265,10000,nM
S(Cc1oc(C(C)(C)C)cn1)c1sc(NC(=O)C2CCNCC2)nc1,BMS-387032,10000,nM
Fc1c2C(N)=C(c3[nH]c4c(n3)ccc(N3CCN(C)CC3)c4)C(=O)Nc2ccc1,DOVITINIB,10000,nM
S(=O)(=O)(N)c1ccc(Nc2nn(C(=O)c3c(F)cccc3F)c(N)n2)cc1,JNJ-7706621,10000,nM
Brc1cc(F)c(/N=C/2\N=CNc3c\2cc(OC)c(OCC2CCN(C)CC2)c3)cc1,VANDETANIB,10000,nM
Clc1c(CS(=O)(=O)c2cc3/C(=C/c4c(C)c(C(=O)N5[C@@](CN6CCCC6)CCC5)c(C)[nH]4)/C(=O)Nc3cc2)c(Cl)ccc1,PHA-665752,10000,nM
S(c1nc(Nc2n[nH]c(C)c2)cc(N2CCN(C)CC2)n1)c1ccc(NC(=O)C2CC2)cc1,TOZASERTIB,30000,nM
Fc1ncc(NC(=O)[C@@]2(C)N(C=3N=C(Nc4[nH]nc(C5CC5)c4)c4n(N=3)ccc4)CCC2)cc1,BMS-754807,30000,nM
O=C1N(Cc2ccccc2)C(=O)SN1c1c2c(ccc1)cccc2,TIDEGLUSIB,30000,nM
Fc1cc(NC(=O)Cc2[nH]nc(Nc3ncnc4c3ccc(OCCCN(CCO)CC)c4)c2)ccc1,AZD-1152-HQPA,30000,nM
O=C(O[C@]1[C@](OC)C[C@](C[C@@](C)[C@]2OC(=O)[C@]3N(C(=O)C(=O)[C@@]4(O)[C@](C)CC[C@](O4)C[C@](OC)/C(/C)=C/C=C/C=C/[C@@](C)C[C@@](C)C(=O)[C@](OC)[C@](O)/C(/C)=C/[C@@](C)C(=O)C2)CCCC3)CC1)C(CO)(CO)C,TEMSIROLIMUS,30000,nM
FC(F)(F)CNC(=O)[C@](Nc1nc(-c2c3c([nH]c2)nccc3)ncc1)(CC)C,DECERNOTINIB,30000,nM
S(=O)(=O)(Nc1ncccc1)c1ccc(NC=C2C(=O)Nc3c2c2scnc2cc3)cc1,,10000,nM
N#Cc1ncc(-c2n[nH]c3-c4c(ccc(C#CCN(CC)CC)c4)Cc23)cc1,,10000,nM
O=C(N(C)c1ccc(N/C(/c2ccccc2)=C/2\C(=O)Nc3c\2ccc(C(=O)OC)c3)cc1)CN1CCN(C)CC1,NINTEDANIB,30000,nM
Fc1c(Nc2nc3NC(=O)C(C)(C)Oc3cc2)nc(Nc2cc(OC)c(OC)c(OC)c2)nc1,R-406,30000,nM
Clc1c(F)ccc(Nc2ncnc3c2cc(NC(=O)/C=C/CN2CCCCC2)c(OC)c3)c1,DACOMITINIB ANHYDROUS,30000,nM
Clc1ccc([C@](C(=O)N2CCN(c3ncnc4[C@](O)C[C@@](C)c34)CC2)CNC(C)C)cc1,IPATASERTIB,26,nM
Brc1ccc(C(C(=O)N2CCN(c3ncnc4sc5c(c34)CCC5)CC2)CNC(C)C)cc1,,95,nM
O=C(Nc1n[nH]c2c1cc(-c1nnn(Cc3ccccc3)c1)cc2)CN(C)C,,10000,nM
O=C1N(C2CCN(Cc3ccc(-c4c(-c5ccccc5)nc5c(n4)cc4[nH]cnc4c5)cc3)CC2)c2c(N1)cccc2,,10000,nM
Brc1c(-c2c3c([nH]cc3)ncc2)sc(C(=O)N[C@@](CN)Cc2ccccc2)c1,,40,nM
Clc1cc(C(=O)Nc2cc(C(F)(F)F)cc(C(F)(F)F)c2)c(O)cc1,IMD-0354,10000,nM
Fc1ccc(-c2c(-c3nc(NCC4CC4)ncc3)n3c(n2)C=NC=C3)cc1,,10000,nM
O(CC(N)Cc1c2c([nH]c1)cccc2)c1cc(C=Cc2ccncc2)cnc1,,398.10999,nM
O(CC(N)Cc1ccccc1)c1cc(C=Cc2ccncc2)cnc1,,10000,nM
O=C1N=C(c2cc3c([nH]nc3)cc2)C=C(c2ccccc2)N1,,10000,nM
O=C(NCCCCCCNC(=O)NCc1cnccc1)NCc1cnccc1,,10000,nM
Clc1c(N2CC(CN)CC2)nc2NC=C(C(=O)O)C(=O)c2c1C,,10000,nM
Nc1n2c(nn1)C=CC(c1ccccc1)=C2,,100000,nM
Fc1c(C(=O)N2CCN(c3ncccn3)CC2)cc(CC2=NNC(=O)C3=C2CCCC3)cc1,,10000,nM
O=C(N(c1ccncc1)C=1C(=O)C(=O)C=1NC(C(C)(C)C)C)C,,10000,nM
C(Cc1noc(-c2cc3c([nH]nc3)cc2)c1)C,,10000,nM
Clc1nc(NCc2ccccc2)cc(-c2c3c([nH]c2)nccc3)c1,,1258.9301,nM
O(CCc1ncccc1)c1nc(NN=Cc2cc(C)ccc2)cc(N2CCOCC2)n1,,10000,nM
O=C1N(C2CCN(Cc3ccc(C4=C(c5ccccc5)NC(=O)C(Cc5ccc(O)cc5)=N4)cc3)CC2)c2c(N1)cccc2,,50000,nM
O=C(N[C@@](C(=O)N)CCCNC(=N)N)[C@](NC(=O)CCCCCNC(=O)[C@](NC(=O)CCCCCNC(=O)c1ccccc1)CCCCN)CCCNC(=N)N,,360000,nM
Clc1ccc([C@](NC(=O)C2(N)CCN(c3ncnc4[nH]ccc34)CC2)C)cc1,,523,nM
O=C(O)c1c(Nc2nc(Nc3cc4c([nH]nc4)cc3)ncc2)cccc1,,7943.2798,nM
Clc1c(Cl)ccc(-c2c(-c3ncncc3)c[nH]n2)c1,,10000,nM
O(CCCNCCc1ccc(OC)cc1)c1c2n(CC)c(-c3c(N)non3)nc2c(C#CC(O)(C)C)nc1,,16,nM
Clc1c(-c2n(C)ncc2Cl)cc(C(=O)N[C@](CN)Cc2c(C(F)(F)F)cccc2)o1,,25.120001,nM
Clc1c(C[C@@](N)C(=O)N2CCN(c3ncnc4c3cccc4)CC2)cccc1,,25110,nM
O(C[C@@](N)Cc1c2c([nH]c1)cccc2)c1cc(c(-c2cocc2)nc1)-c1cc2c(C)[nH]nc2cc1,,1,nM
Clc1ccc(C(NC(=O)C2(N)CCN(c3ncnc4[nH]ccc34)CC2)c2ccccc2)cc1,,270,nM
O(C[C@@](N)Cc1c2c([nH]c1)cccc2)c1cc(-c2cc3c(C)n[nH]c3cc2)cnc1,A-443654,51,nM
Clc1ccc(CCNC(=O)c2sc(-c3nc(NC)ncc3)cc2)cc1,,1100,nM
Fc1c(NC(=O)Nc2ccc(-c3c4c(N)ncc(C(=O)NC)c4sc3)cc2)cc(C)cc1,,10000,nM
O=C(N(C)C)Nc1cc2nc(c(-c3occc3)nc2cc1)-c1occc1,,7943.2798,nM
Brc1cc2c([nH]c3-c4c(NC(=O)Cc23)cccc4)cc1,KENPAULLONE,10000,nM
O(CC(N)Cc1c2c([nH]c1)cccc2)c1cc(-c2sc3c(c2)ccnc3)cnc1,,25.120001,nM
O(CCN1CCOCC1)c1cc2-c3[nH]nc(-c4cnc(C#N)cc4)c3Cc2cc1,,10000,nM
O=C(NC(C)c1cc(OC)ccc1)N1CC=C(c2c3c([nH]c2)nccc3)CC1,,630.96002,nM
S(=O)(=O)(N)c1ccc(CNC=2C(=O)C(=O)C=2Nc2cc3c(n(C(OC(C)(C)C)=O)nc3)cc2)cc1,,10000,nM
O=C(Nc1c(C)cccc1)Nc1ccc(-c2c3c(N)ncnc3oc2)cc1,,10000,nM
N(c1scc(-c2cc3c([nH]nc3)cc2)n1)c1ccccc1,,10000,nM
Fc1c(-c2c(C3=Nn4c(CC(O)(C)C)nnc4C=C3)n3c(OC=C3)n2)ccc(F)c1,,10000,nM
O(C)c1cc(C=Cc2ccncc2)cnc1,,10000,nM
Clc1cc2C(c3ccccc3)=C(C(=O)Nc2cc1)C1=NNC(c2ccccc2)C1,,10000,nM
O=C(Nc1cc(C)ccc1)Nc1ccc(-c2c3c(N)ncc(C#CCN4CCOCC4)c3sc2)cc1,,10000,nM
OC1CCN(c2ncnc3[nH]cc(-c4ccccc4)c23)CC1,,10000,nM
Fc1c(NC2C(C(=O)N)C3C=CC2C3)nc(Nc2cc(C)c(N3CCN(C)CC3)cc2)nc1,CENISERTIB,10000,nM
O=C(NC)C=Cc1c2scc(-c3cc4nc(C)sc4cc3)c2c(N)nc1,,10000,nM
Clc1c(Cl)ccc2sc(C#N)c(NC(=O)c3ccc(C)cc3)c12,,10000,nM
Brc1c(C=C(C#N)c2[nH]c3c(n2)cc(C)cc3)cc(OC)c(O)c1,,10000,nM
FC(F)(F)c1cc(NC(=O)Nc2ccc(-c3c4c(N)ncc(-c5ccncc5)c4sc3)cc2)c(F)cc1,,10000,nM
O/N=C\1/c2c(cc(-c3c(-c4ccncc4)nn(CCO)c3)cc2)CC/1,,10000,nM
O(c1c2n(CC)c(-c3c(N)non3)nc2cnc1)C1CCNCC1,,398,nM
Clc1cc(CCNC(=O)c2sc(-c3nc(NC)ncc3)cc2)ccc1,,5400,nM
Clc1c(C[C@@](NC(=O)c2sc(-c3nc(NC)ncc3)cc2)CN)ccc(Cl)c1,,240,nM
Clc1c(C[C@](NC(=O)c2sc(-c3nc(NC)ncc3)cc2)CN(C)C)ccc(Cl)c1,,11,nM
Fc1cc(NC(=O)Cc2ccc(-n3c(-c4c(N)nccc4)nc4c3nc(-c3cc(NC(=O)C)ccc3)cc4)cc2)ccc1,,2500,nM
Clc1c(F)ccc(-c2c3c(N)ncc(-c4cc(S(=O)(=O)N)ccc4)c3sc2)c1,GW856804X,10000,nM
O=C(Nc1noc(C(C)(C)C)c1)Nc1ccc(-c2nc3Sc4c(-n3c2)ccc(OCCN2CCOCC2)c4)cc1,QUIZARTINIB,10000,nM
S(=O)(C)c1ccc(-c2[nH]c(c(-c3ccc(F)cc3)n2)-c2ccncc2)cc1,SB-203580,10000,nM
Clc1c(C(=O)Nc2c(C(=O)NC3CCNCC3)n[nH]c2)c(Cl)ccc1,AT-7519,10000,nM
O=C(N1CCNCC1)c1ccc(/C=C/c2n[nH]c3c2cccc3)cc1,KW-2449,10000,nM
O(Cc1ccc(OC)cc1)c1c(OC)cc(Cc2c(N)nc(N)nc2)cc1,GW632580X,10000,nM
OC[C@](Nc1nc(NCc2ccccc2)c2ncn(C(C)C)c2n1)CC,SELICICLIB,10000,nM
S(=O)(=O)(N1CCNCCC1)c1c2c(c(O)ncc2)ccc1,HYDROXYFASUDIL,30000,nM
Fc1c(F)ccc(C2=C(C(=O)/C=C/c3[nH]c4c(n3)cc(F)c(F)c4)C(=O)Nc3c2cc(F)cc3)c1,,1640,nM
N(C)c1nc2nc(c(-c3ccccc3)cc2cn1)-c1ccc(CN2CCC(c3[nH]c(-c4ncccc4)nn3)CC2)cc1,,2474,nM
O=C1NCc2c3c4n([C@]5(C)[C@](OC)[C@](NC)C[C@@](O5)n5c4c(c4c5cccc4)c12)c1c3cccc1,STAUROSPORINE,10,nM
O=C(c1c(N)n(-c2cc3[nH]c(C)nc3cc2)nc1)c1[nH]c2c(c1)cccc2,FGFR INHIBITOR DEBIO 1347,30000,nM
Clc1c(-c2cc(C(=O)N[C@](CO)c3cc(Cl)ccc3)[nH]c2)cc(NC(C)C)nc1,ULIXERTINIB,30000,nM
O=C(N[C@@](C(=O)N[C@@](C(=O)N)CCCNC(=N)N)CCCNC(=N)N)[C@](NC(=O)[C@](NC(=O)CCCCCNC(=O)[C@](NC(=O)CCCCCNC(=O)[C@@]1[C@@](O)[C@@](O)[C@](n2c3ncnc(N)c3nc2)O1)CCCCN)CCCNC(=N)N)CCCNC(=N)N,,56.599998,nM
Brc1c(-c2c3c([nH]cc3)ncc2)sc(C(=O)N[C@](CN)Cc2ccccc2)c1,,2,nM
Brc1c(-c2c3c([nH]cc3)ncc2)sc(C(=O)N[C@](CN)Cc2ccc(F)cc2)c1,,2,nM
Clc1c(F)cc([C@](C(=O)N2CCN(c3ncnc4[C@](O)C[C@@](C)c34)CC2)CNC2CCOCC2)cc1,,12,nM
Clc1ccc([C@](C(=O)N2CCN(c3ncnc4[C@](O)C[C@@](C)c34)CC2)[C@]2NCCOC2)cc1,,26,nM
Clc1ccc([C@](C(=O)N2CCN(c3ncnc4[C@](O)C[C@@](C)c34)CC2)CNC2CCC(OC)CC2)cc1,,4,nM
Clc1ccc([C@](C(=O)N2CCN(c3ncnc4[C@](O)C[C@@](C)c34)CC2)CNCC2CC2)cc1,,5,nM
Clc1ccc([C@](C(=O)N2CCN(c3ncnc4[C@](F)C[C@@](C)c34)CC2)CNC(C)C)cc1,,10,nM
O=C1NC(=O)C=2c3c4c(n(c3)CCO[C@](CN(C)C)CCn3c5c(c(c3)C1=2)cccc5)cccc4,RUBOXISTAURIN,1400,nM
O=C(N)c1ccc(-c2[nH]c(c(-c3ncccc3)n2)-c2cc3OCOc3cc2)cc1,SB-431542,10000,nM
Fc1cc2/C(=C/c3c(C)c(C(=O)NCCN(CC)CC)c(C)[nH]3)/C(=O)Nc2cc1,SUNITINIB,10000,nM
FC(F)(F)c1c(CN2CCN(CC)CC2)ccc(NC(=O)Nc2ccc(Oc3ncnc(NC)c3)cc2)c1,AST-487,10000,nM
O=C(N(C)[C@]1[C@@](OC)[C@]2(C)O[C@@](n3c4c5n2c2c(c5c5c(C(=O)NC5)c4c4c3cccc4)cccc2)C1)c1ccccc1,MIDOSTAURIN,10000,nM
O=C(O)c1c2c(nc3C(=C4CCCC4)CCc13)cccc2,,6309.5698,nM
O=[N+]([O-])c1cc(C(=O)Nc2n(CCCO)c3c(n2)cccc3)ccc1,,10000,nM
O=C1C(=O)C(Nc2ccncc2)=C1NC(C(C)(C)C)C,,10000,nM
S(=O)(=O)(N(C)c1c(CNc2c(C(F)(F)F)cnc(Nc3cc4c(NC(=O)C4)cc3)n2)cccn1)C,PF-00562271,10000,nM
O=C(Nc1ncccc1)Nc1ccccc1,,100000,nM
S(c1[nH]c2c(n1)cccc2)c1oc(C=NNC(=O)c2cc([N+](=O)[O-])ccc2)cc1,,10000,nM
O(CCCN)c1cc(C=Cc2ccncc2)cnc1,,10000,nM
Ic1ccc(Oc2c3c(sc(C4=NC(=O)ON4)c3)cnc2)cc1,,10000,nM
Brc1cc(NC(=O)Nc2ccc(-c3c4c(N)n[nH]c4c(C)cc3)cc2)ccc1,,10000,nM
O=C(Nc1cc(C)ccc1)Nc1ccc(-c2c3c(N)ncc(-c4c[nH]nc4)c3sc2)cc1,,10000,nM
O=[N+]([O-])c1cc2c([nH]c3-c4c(NC(=O)Cc23)cccc4)cc1,ALSTERPAULLONE,10000,nM
Fc1c(NC(=O)c2cc(-c3c(-c4nc(Nc5ccc(N6CCN(CC)CC6)cc5)ncc4)n4c(n3)C=CC=C4)ccc2)cccc1,,10000,nM
O=C(Nc1cc(Nc2nc(-c3cnccc3)ccn2)c(C)cc1)c1ccc(CN2CCN(C)CC2)cc1,IMATINIB,10000,nM
FC(F)(F)c1cc(NC(=O)c2cc(Nc3nc(-c4cnccc4)ccn3)c(C)cc2)cc(-n2cc(C)nc2)c1,NILOTINIB,10000,nM
FC(F)(F)c1c([C@](Oc2c(C(=O)N)sc(-n3c4c(nc3)ccc(CN3CCN(C)CC3)c4)c2)C)cccc1,GSK-461364,10000,nM
O=C(N[C@@](C(=O)N)CCCNC(=N)N)[C@](NC(=O)CCCCCNC(=O)[C@](NC(=O)CCCCCNC(=O)C)CCCCN)CCCNC(=N)N,,100000,nM
Oc1cc(-c2c(-c3cc(O)ccc3)nc3nc(N)nc(N)c3n2)ccc1,TG100-115,10000,nM
O=C1N(C2CCN(Cc3ccc(-c4c(-c5ccccc5)nc5c(n4)cc4[nH]cnc4c5)cc3)CC2)c2c(N1)cccc2,,2119,nM
O=C(N(C)[C@]1[C@@](OC)[C@]2(C)O[C@@](n3c4c5n2c2c(c5c5c(C(=O)NC5)c4c4c3cccc4)cccc2)C1)c1ccccc1,MIDOSTAURIN,10000,nM
O(C[C@@]1CNCCC1)c1c2n(CC)c(-c3c(N)non3)nc2c(C#CC(O)(C)C)nc1,GSK-690693,9,nM
Oc1cc(-c2nc(N3CCOCC3)c3oc4ncccc4c3n2)ccc1,PI-103,10000,nM
O(C[C@@](N)Cc1c2c([nH]c1)cccc2)c1cc(-c2cc(CCC)c3[nH]nc(C)c3c2)cnc1,,10000,nM
Ic1cc(Cc2nn(C(C)(C)C)c3ncnc(N)c23)ccc1,,10000,nM
Clc1c(NC(=O)c2sc(Nc3nc(C)nc(N4CCN(CCO)CC4)c3)nc2)c(C)ccc1,DASATINIB,10000,nM
O=C(Nc1noc(C(C)(C)C)c1)Nc1ccc(-c2nc3Sc4c(-n3c2)ccc(OCCN2CCOCC2)c4)cc1,QUIZARTINIB,10000,nM
O=C(N[C@@](C(=O)N)CCCNC(=N)N)[C@](NC(=O)CCCCCNC(=O)[C@](NC(=O)CCCCCNC(=O)c1ccccc1)CCCCN)CCCNC(=N)N,,100000,nM
O=C1[C@@](c2c3c([nH]c2)cccc3)[C@](c2c3c4n(c2)CCCc4ccc3)C(=O)N1,TIVANTINIB,30000,nM
Brc1c(-c2c3c([nH]cc3)ncc2)sc(C(=O)N[C@](CN)Cc2ccc(OC)cc2)c1,,2,nM
Clc1c(F)cc([C@](C(=O)N2CCN(c3ncnc4[C@](O)C[C@@](C)c34)CC2)CNC(C)C)cc1,,7,nM
Clc1ccc([C@](C(=O)N2CCN(c3ncnc4[C@@](O)C[C@@](C)c34)CC2)CNC(C)C)cc1,,73,nM
Clc1ccc([C@](C(=O)N2CCN(c3ncnc4c3[C@](C=C)CC4)CC2)CNC(C)C)cc1,,1,nM
O=C(NCc1ccc(-n2c(-c3c(N)nccc3)nc3c2ncc(C2CCCC2)c3)cc1)c1ccccc1,,100000,nM
Fc1cc(C(=O)NCc2ccc(-n3c(-c4c(N)nccc4)nc4c3nc(-c3cnccc3)cc4)cc2)ccc1,,660,nM
O(C[C@@](N)Cc1c2c([nH]c1)cccc2)c1c(N)nc(c(-c2nc3c(C)n[nH]c3nc2)c1)-c1c(C)occ1,,2,nM
O(C[C@@](N)Cc1c2c([nH]c1)cccc2)c1c(N)nc(c(-c2ncc3[nH]nc(C)c3c2)c1)-c1c(C)occ1,,3,nM
Fc1ccc(C[C@@](N)C(=O)N2CCN(c3ncnc4c3cccc4)CC2)cc1,,1122,nM
Ic1cc(F)c(Nc2c(F)c(F)ccc2C(=O)NOC[C@](O)CO)cc1,MIRDAMETINIB,30000,nM
O=C(Nc1n[nH]c(CCc2cc(OC)cc(OC)c2)c1)c1ccc(N2CC(C)NC(C)C2)cc1,AZD-4547,30000,nM
Fc1c(NC(=O)Nc2n(-c3cc4c(nccc4)cc3)nc(C(C)(C)C)c2)ccc(Oc2cc(C(=O)NC)ncc2)c1,REBASTINIB,30000,nM
O=C(C=C)N1C[C@](n2nc(-c3ccc(Oc4ccccc4)cc3)c3c(N)ncnc23)CCC1,IBRUTINIB,30000,nM
Clc1cnc2[nH]cc(Cc3cnc(NCc4cnc(C(F)(F)F)cc4)cc3)c2c1,PEXIDARTINIB,30000,nM
O=C(NCc1ccccc1)Cc1ncc(-c2ccc(OCCN3CCOCC3)cc2)cc1,TIRBANIBULIN,30000,nM
Fc1c(OC2=NC=Nn3c2c(C)c(OC[C@](OC(=O)[C@@](N)C)C)c3)ccc2[nH]c(C)cc12,BRIVANIB ALANINATE,30000,nM
Clc1c(F)c(OC2CCC(C(=O)O)(Cc3nc(Nc4sccn4)ccc3)CC2)ccc1,MK-5108,30000,nM
BrC=1C(=O)N(c2c(C)ccc(C(=O)NC)c2)C(C)=CC=1OCc1c(F)cc(F)cc1,PH-797804,30000,nM
O=C(Nc1cc(Nc2scc(-c3cnccc3)n2)c(C)cc1)c1ccc(CN2CCN(C)CC2)cc1,MASITINIB,30000,nM
Clc1c(N)ncnc1C(=O)N[C@](C)c1sc(C(=O)Nc2ncc(Cl)c(C(F)(F)F)c2)cn1,TOVORAFENIB,30000,nM
Clc1ccc(Nc2nnc(Cc3ccncc3)c3c2cccc3)cc1,VATALANIB,30000,nM
O=C(NC)c1nn(C)c-2c1C(C)(C)Cc1c-2nc(Nc2ccc(N3CCN(C)CC3)cc2)nc1,MILCICLIB,30000,nM
O=C(Nc1cc(C)ccc1)Nc1ccc(-c2c3c(N)ncc(C#CCN(CC)CC)c3sc2)cc1,,10000,nM
Clc1c(CNC=2C(=O)C(=O)C=2Nc2cc3c(n(C(OC(C)(C)C)=O)nc3)cc2)ccc(Cl)c1,,10000,nM
O(C)c1ccc(CNC=2C(=O)C(=O)C=2Nc2cc3c([nH]nc3)cc2)cc1,,10000,nM
Clc1c(CNc2nc(NCC3CCC(CN)CC3)c([N+](=O)[O-])cn2)cccc1,,10000,nM
S(c1nc(Nc2n[nH]c(C)c2)cc(N2CCN(C)CC2)n1)c1ccc(NC(=O)C2CC2)cc1,TOZASERTIB,10000,nM
FC(F)(F)c1c(NC2CCC2)nc(Nc2cc3c(cc2)C2N(C(=O)CNC(=O)C)C3CC2)nc1,,30000,nM
O=C(NCC#N)c1ccc(-c2nc(Nc3ccc(N4CCOCC4)cc3)ncc2)cc1,MOMELOTINIB,30000,nM
O=C1C(c2c3c(n(C)c2)cccc3)=C(c2c3c(n(C4CCN(Cc5ncccc5)CC4)c2)cccc3)C(=O)N1,ENZASTAURIN,1000,nM
FC(F)(F)c1c(F)cc([C@](C(=O)N2CCN(c3ncnc4[C@](O)C[C@@](C)c34)CC2)CNCC2CC2)cc1,,2,nM
FC(F)(F)c1c(F)cc([C@](C(=O)N2CCN(c3ncnc4[C@](O)C[C@@](C)c34)CC2)CNC(CO)(C)C)cc1,,2,nM
FC(F)(F)c1ccc([C@](C(=O)N2CCN(c3ncnc4[C@](O)C[C@@](C)c34)CC2)CN)cc1,,27,nM
Clc1ccc([C@](C(=O)N2CCN(c3ncnc4[C@](O)C[C@@](C)c34)CC2)CN2CCC(F)CC2)cc1,,10,nM
Oc1n(C2CCN(Cc3ccc(-c4c(-c5ccccc5)nc(O)c(C(CC)C)n4)cc3)CC2)c2c(n1)cccc2,,50000,nM
Oc1n(C2CCN(Cc3ccc(-c4c(-c5ccccc5)nc5c(n4)ccc(-c4nn(C)nn4)c5)cc3)CC2)c2c(n1)cccc2,,50000,nM
Fc1c(F)cc2nc(/C=C/C(=O)C=3C(=O)Nc4c(C=3c3ccc(F)cc3)cc(F)cc4)[nH]c2c1,,1640,nM
O=C(N)c1c(Nc2cc(OC)c(N3CCC(N4CCN(C)CC4)CC3)cc2)nc(NC2CCOCC2)c(CC)n1,GILTERITINIB,30000,nM
Clc1c(OCc2ncccc2)ccc(Nc2c(C#N)cnc3c2cc(NC(=O)/C=C/CN(C)C)c(OCC)c3)c1,NERATINIB,10000,nM
O=C(NC(C)c1cnccc1)C1(N)CCN(c2ncnc3[nH]ccc23)CC1,,4260,nM
O=C(NC(C)c1ccccc1)C1(N)CCN(c2ncnc3[nH]ccc23)CC1,,582,nM
Fc1c(NC(=O)C2(C(=O)Nc3ccc(F)cc3)CC2)ccc(Oc2cc(NC(=O)N3CCC(N4CCN(C)CC4)CC3)ncc2)c1,GOLVATINIB,30000,nM
N(Cc1onc(C(C)C)c1)c1nc(Nc2n[nH]c(C3CC3)c2)cc(N2CCN(C)CC2)n1,XL-228,30000,nM
S(=O)(=O)(N)c1c(C)ccc(Nc2nc(N(C)c3cc4nn(C)c(C)c4cc3)ccn2)c1,PAZOPANIB,30000,nM
S(=O)(=O)(N(C[C@]1OCCOC1)C)Nc1cc2C(=O)c3c(ncc(-c4cn(C)nc4)c3)C=Cc2cc1,MK-2461,30000,nM
Fc1c(Oc2c3c(ncc2)cc(OCCCN2CCOCC2)c(OC)c3)ccc(NC(=O)C2(C(=O)Nc3ccc(F)cc3)CC2)c1,FORETINIB,30000,nM
O(CC1CCNCC1)c1c2n(CC)c(-c3c(N)non3)nc2c(C#CC(O)(C)C)nc1,GSK-554170A,40,nM
O=C1C(=O)C(Nc2nc(Nc3ccc(-c4ccncc4)cc3)ncc2)=C1NC(C)(C)C,,9000,nM
O=C(Nc1n(-c2ccc(C)cc2)nc(C(C)(C)C)c1)Nc1c2c(c(OCCN3CCOCC3)cc1)cccc2,DORAMAPIMOD,10000,nM
Clc1c(F)ccc(Nc2ncnc3c2cc(NC(=O)C=C)c(OCCCN2CCOCC2)c3)c1,CANERTINIB,10000,nM
Clc1c(NC(=O)c2sc(Nc3nc(C)nc(N4CCN(CCO)CC4)c3)nc2)c(C)ccc1,DASATINIB,10000,nM
Clc1c(F)ccc(Nc2ncnc3c2cc(OCCCN2CCOCC2)c(OC)c3)c1,GEFITINIB,10000,nM
Clc1c(c(Cl)ccc1)C=1C(=O)N=CN2N=C(Sc3c(F)cc(F)cc3)C=CC=12,NEFLAMAPIMOD,10000,nM
O=C(NC1CCN(C)CC1)c1cc(OC)c(Nc2nc3N([C@](CC)C(=O)N(C)c3cn2)C2CCCC2)cc1,BI-2536,30000,nM
Clc1ccc([C@@](NC(=O)C2(N)CCN(c3nc[nH]c-4nccc3-4)CC2)CCO)cc1,CAPIVASERTIB,30000,nM
FC(F)(F)C(C)(C)c1onc(NC(=O)Nc2cc(Oc3ncnc4c3cc(OC)c(OC)c4)ccc2)c1,CEP-32496,30000,nM
OC[C@](Nc1nc(NCc2ccccc2)c2ncn(C(C)C)c2n1)CC,SELICICLIB,30000,nM
FC(F)(F)c1c(CN2C[C@@](N(C)C)CC2)ccc(C(=O)Nc2cc(Nc3nc(-c4cncnc4)ccn3)c(C)cc2)c1,BAFETINIB,30000,nM
O=C([C@](OC)c1ccccc1)N1Cc2c(NC(=O)c3ccc(N4CCN(C)CC4)cc3)n[nH]c2C1,DANUSERTIB,30000,nM
O=C(OC)[C@]1(O)[C@]2(C)O[C@@](n3c4c5n2c2c(c5c5c(C(=O)NC5)c4c4c3cccc4)cccc2)C1,K-252A,30000,nM
O=C(NN=Cc1ccncc1)c1c(n(-c2c(N)non2)nn1)-c1ccccc1,,10000,nM
Fc1c(NC(=O)Nc2ccc(-c3c4c(N)n[nH]c4ccc3)cc2)cc(C(=O)O)cc1,,10000,nM
Clc1cc2C(c3c(F)cccc3F)=NCc3c(nc(Nc4ccc(C(=O)O)cc4)nc3)-c2cc1,MLN-8054,10000,nM
O(Cc1ccccc1)c1cc(-c2nc(C3CC(CN4CCCC4)C3)n3c2C(N)=NC=C3)ccc1,,10000,nM
Fc1c(C(=O)NC(CO)Cc2ccccc2)ccc(-c2ccncc2)c1,,10000,nM
O(C[C@@](N)Cc1c2c([nH]c1)cccc2)c1c(N)nc(c(-c2cnc3[nH]nc(C)c3c2)c1)-c1c(C)occ1,,2,nM
O(C[C@@](N)Cc1c2c([nH]c1)cccc2)c1cc(/C=C/c2ccncc2)cnc1,,354,nM
Clc1c(CCNC(=O)c2sc(-c3nc(N(C)C)ncc3)cc2)ccc(Cl)c1,,25000,nM
Fc1ccc(COC(=O)Nc2sc(-c3nc(NC)ncc3)cc2)cc1,,7400,nM
Fc1cc(CNC(=O)Nc2n(-c3ccc(C)cc3)nc(C(C)(C)C)c2)c(Oc2cc3c(n(CCO)nc3)cc2)cc1,PEXMETINIB,30000,nM
Clc1ccc(-c2cnc3[nH]cc(C(=O)c4c(F)c(NS(=O)(=O)CCC)ccc4F)c3c2)cc1,VEMURAFENIB,30000,nM
FC(F)(c1n2N=C(c3cn(C)nc3)C=Cc2nn1)c1cc2c(nccc2)cc1,JNJ-38877605,30000,nM
O=C1/C(=C/c2cc3c(-c4ccncc4)ccnc3cc2)/SC(=O)N1,GSK-1059615,30000,nM
S(=O)(=O)(C)c1ccc(Nc2nc(-c3n(C(C)C)c(C)nc3)ccn2)cc1,AZD-5438,30000,nM
O=C(NCC(c1ccccc1)c1ccccc1)c1sc(-c2nc(NC)ncc2)cc1,,25000,nM
Fc1ccc(CCC(=O)Nc2sc(-c3nc(NC)ncc3)cc2)cc1,,2300,nM
Clc1c(C(CNC(=O)c2sc(-c3nc(NC)ncc3)cc2)C)ccc(Cl)c1,,660,nM
Clc1c([C@](N)CNC(=O)c2sc(-c3nc(NC)ncc3)cc2)ccc(Cl)c1,,2800,nM
O=C(N[C@@](C(=O)N[C@@](C(=O)N[C@](C(=O)N)CCCCN)CCCNC(=N)N)CCCNC(=N)N)[C@](NC(=O)[C@](NC(=O)[C@](NC(=O)[C@](NC(=O)CCCCCNC(=O)[C@](NC(=O)CCCCCNC(=O)c1sc(-c2nc(N)ncc2)cc1)CCCCN)CCCNC(=N)N)CCCNC(=N)N)CCCNC(=N)N)CCCNC(=N)N,,42,nM
O=C(N[C@@](C(=O)N)CCCNC(=N)N)[C@](NC(=O)CCCCCNC(=O)[C@](NC(=O)CCCCCNC(=O)c1cc(-c2ccncc2)ccc1)CCCCN)CCCNC(=N)N,,100000,nM
Clc1cnc2[nH]cc(C(=O)c3c(F)c(NS(=O)(=O)CCC)ccc3F)c2c1,PLX-4720,10000,nM
Clc1ccc([C@](C(=O)N2CCN(c3ncnc4C(F)(F)C[C@@](C)c34)CC2)CNC(C)C)cc1,,4160,nM
Clc1ccc([C@](C(=O)N2CCN(c3ncnc4c3[C@](CO)CC4)CC2)CNC(C)C)cc1,,83,nM
Brc1cc(F)c(/N=C/2\N=CNc3c\2cc(OC)c(OCC2CCN(C)CC2)c3)cc1,VANDETANIB,10000,nM
Fc1cc(NC(=O)Cc2[nH]nc(Nc3ncnc4c3ccc(OCCCN(CCO)CC)c4)c2)ccc1,AZD-1152-HQPA,10000,nM
Clc1cc(NS(=O)(=O)C)c(F)c(-c2c(-c3nc(NC[C@@](NC(=O)OC)C)ncc3)cn(C(C)C)n2)c1,ENCORAFENIB,30000,nM
O=C1NCc2c3c4n([C@]5(C)[C@](OC)[C@](NC)C[C@@](O5)n5c4c(c4c5cccc4)c12)c1c3cccc1,STAUROSPORINE,3.75,nM
NC(C)(C)c1ccc(-c2c(-c3ccccc3)nc3c(n2)cccc3)cc1,,50000,nM
Clc1c(OCc2cc(F)ccc2)ccc(Nc2ncnc3c2cc(-c2oc(CNCCS(=O)(=O)C)cc2)cc3)c1,LAPATINIB,10000,nM
O=C(Nc1cc(Oc2ncc3nc(n(CC)c3c2)-c2c(N)non2)ccc1)c1ccc(OCCN2CCOCC2)cc1,GSK-269962A,1510,nM
O=C(N1C[C@@](N)CC1)c1c2n(CC)c(-c3c(N)non3)nc2cnc1,,1290,nM
O=C(NC(C)c1cc(OC)ccc1)c1c(NCCCN)cc(-c2ccncc2)cc1,,3162.28,nM
O=C1C(=O)C(Nc2ccncc2)=C1NCc1ccc(C)cc1,,10000,nM
O=C(Nc1cc(C)ccc1)Nc1ccc(-c2c3c([nH]nc3)ccc2)cc1,,10000,nM
O=C(Nc1ccc(-c2c3c(N)n[nH]c3ccc2)cc1)Nc1ccccc1,,10000,nM
O=C(N1CC(O)CCC1)c1noc(-c2cc3c([nH]nc3)cc2)c1,,10000,nM
FC(F)(F)c1nc(NC(=O)Nc2c3c(ncc2)cc(OC)cc3)ccc1,,10000,nM
O=C(N)c1cc(-c2cnc3[nH]cc(-c4ccccc4)c3c2)ccc1,,10000,nM
FC(F)(F)c1c(NC2CCC2)nc(Nc2cc3c(cc2)C2N(C(=O)CNC(=O)C)C3CC2)nc1,,10000,nM
Clc1c(Nc2nc(c(C)cn2)-c2cc(C(=O)N[C@](CO)c3cc(Cl)ccc3)[nH]c2)ccc(F)c1,,4000,nM
O=C(NC1CCNCC1)c1c2n(CC)c(-c3c(N)non3)nc2cnc1,,2290,nM
O=C(N1CCNCC1)c1c2n(CC)c(-c3c(N)non3)nc2cnc1,,1549,nM
C(N1CCC(c2n[nH]c(-c3ccncc3)c2)CC1)c1ccc(-c2c(-c3ccccc3)nc3c(n2)cccc3)cc1,,11280,nM
O(C)c1c(OC)cc2ncnc(Nc3ccc(O)cc3)c2c1,WHI-P131,30000,nM
O=C1C(c2nc(N3CCN(C)CC3)nc3c2cccc3)=C(c2c3c([nH]c2)cccc3)C(=O)N1,SOTRASTAURIN,30000,nM
FC(F)(F)c1c([C@](Oc2c(C(=O)N)sc(-n3c4c(nc3)ccc(CN3CCN(C)CC3)c4)c2)C)cccc1,GSK-461364,30000,nM
Clc1c(F)cc([C@@](CO)N2C(=O)C=C(c3nc(Nc4n(C)ncc4)ncc3)C=C2)cc1,RAVOXERTINIB,30000,nM
Oc1n(C2CCN(Cc3ccc(-c4c(-c5ccccc5)nc5c(n4)cccc5)cc3)CC2)c2c(n1)cccc2,,50000,nM
S(=O)(=O)(NCCNCCCCCC(=O)N[C@@](C(=O)N[C@@](C(=O)N[C@@](C(=O)N[C@@](C(=O)N[C@@](C(=O)N[C@@](C(=O)N)CCCNC(=N)NC(=O)[C@](NC(=O)c1c(C=2c3c(OC=4C=2C=CC(N(C)C)C=4)cc(N(C)C)cc3)ccc(C(=O)O)c1)CCCCN)CCCNC(=N)N)CCCNC(=N)N)CCCNC(=N)N)CCCNC(=N)N)CCCNC(=N)N)c1c2c(cncc2)ccc1,,16,nM
S(=O)(=O)(N(CCN)c1cc(-c2cc3c(cncc3)cc2)cnc1)c1c2c(c(N(C)C)ccc2)ccc1,,1258.9301,nM
O=C(Nc1cc(C)ccc1)Nc1ccc(-c2c3c(N)ncc(C#CC(N)(CC)CC)c3sc2)cc1,,10000,nM
Fc1c(-c2c(-c3nc(NCC(O)(C)C)ncc3)n3c(C(C)=NC=C3)n2)ccc(F)c1,,10000,nM
Clc1nc(-c2c3c([nH]c2)nccc3)nc(NC2CCC(O)CC2)c1,,6309.5698,nM
O=C(Nc1nc(c(C#N)c(N)c1)-c1ccccc1)C,,9500,nM
Fc1cc(NC(=O)Nc2ccc(-c3c4c(N)ncc(-c5cn(CCO)nc5)c4sc3)cc2)ccc1,ILORASERTIB,10000,nM
Clc1c(C(F)(F)F)cc(NC(=O)Nc2c(F)cc(Oc3cc(C(=O)NC)ncc3)cc2)cc1,REGORAFENIB,30000,nM
Fc1cc(-c2sc(C(=O)N[C@@]3CNCCC3)c(NC(=O)N)c2)ccc1,AZD-7762,30000,nM
P(=O)(OCCN(CCCOc1cc2ncnc(Nc3n[nH]c(CC(=O)Nc4cc(F)ccc4)c3)c2cc1)CC)(O)O,BARASERTIB,30000,nM
O=C(N(C)[C@]1[C@@](OC)[C@]2(C)O[C@@](n3c4c5n2c2c(c5c5c(C(=O)NC5)c4c4c3cccc4)cccc2)C1)c1ccccc1,MIDOSTAURIN,30000,nM
O(C(C)C)C=1C(=Cc2c3c([nH]c2)cccc3)C(=O)NN=1,,10000,nM
BrC1=C(N)n2ncc(-c3cn(C)nc3)c2N=C1[C@]1CNCCC1,SCH-900776,30000,nM
O=C(N(C)C)Nc1ccc(-c2c(-c3c4c([nH]c(-c5cc(CN(C)C)ccc5)c4)ncc3)cn(CC)n2)cc1,GSK-1070916,3289,nM
Nc1ncnc2n(C(C)C)nc(-c3cc4nc(C)oc4cc3)c12,,30000,nM
Clc1c(Nc2ncnc3c2c(OC2CCOCC2)cc(OCCN2CCN(C)CC2)c3)c2OCOc2cc1,SARACATINIB,30000,nM
O=C(Nc1cc(Nc2nc(-c3cnccc3)ccn2)c(C)cc1)c1ccc(CN2CCN(C)CC2)cc1,IMATINIB,30000,nM
O=C1N[C@@](O)c2c3c4n([C@]5(C)[C@](OC)[C@](NC)C[C@@](O5)n5c4c(c4c5cccc4)c12)c1c3cccc1,UCN-01,30000,nM
Clc1c(C)cc(OCC2CC(C(=O)O)CC2)c(NC(=O)Nc2ncc(C#N)nc2)c1,,10000,nM
Fc1ccc(NC(=O)C2(C(=O)Nc3ccc(Oc4c5c(ncc4)cc(OC)c(OC)c5)cc3)CC2)cc1,CABOZANTINIB,30000,nM
O(CCN1CCCC1)c1c2cc(/N=C\3/N=CC=C(N/3)c3cc(ccc3)COC/C=C/COC2)cc1,PACRITINIB,30000,nM
Clc1c(N)nccc1Oc1c(F)cc(NC(=O)C=2C(=O)N(c3ccc(F)cc3)C=CC=2OCC)cc1,BMS-777607,30000,nM
S(=O)(=O)(C)c1ccc(CNC(=O)c2nc(OCC)c(C#N)c(N)c2)cc1,,10000,nM
O=C(Nc1n(-c2ccc(C)cc2)nc(C(C)(C)C)c1)Nc1c2c(c(OCCN3CCOCC3)cc1)cccc2,DORAMAPIMOD,10000,nM
Clc1c(NCc2scnc2)cc2OCCCCOc3c(C#N)ncc(n3)NC(=O)Nc2c1,,7943.2798,nM
S(=O)(=O)(Nc1ccc(-c2cc3c(N)n[nH]c3cc2)cc1)CCC,,1995.26,nM
S(=O)(=O)(N1C(C)CNCCC1)c1c2c(C)cncc2ccc1,,3162.28,nM
O(C[C@@](N)Cc1c2c([nH]c1)cccc2)c1c(N)nc(c(-c2cc3c(C)n[nH]c3cc2)c1)-c1c(C)occ1,,1,nM
Clc1c(C[C@](N)COc2c(N)nc(c(-c3nc4c(C)n[nH]c4nc3)c2)-c2c(C)occ2)c2c([nH]1)cccc2,,2,nM
O=C(N1[C@](C)CN(c2nc(c(C#N)nc2)-c2cn(C)nc2)CC1)[C@]1[C@](C)C1,,100000,nM
FC(F)(F)c1nc(NC(=O)Nc2c3c(ncc2)ccc(C)c3)ccc1,,10000,nM
Ic1nn(C2CCC(O)CC2)c2ncnc(N)c12,,10000,nM
C(C)(C)(C)c1cc2[nH]c(-c3n[nH]c4c3cccc4)nc2cc1,,10000,nM
Nc1n[nH]c2c1cc(-c1onc(CC(C)C)c1)cc2,,7943.2798,nM
Clc1c(C(=O)Nc2c(C(=O)NC3CCNCC3)n[nH]c2)c(Cl)ccc1,AT-7519,30000,nM
O=C(NC)c1c2c(cc(Oc3c4c(ncc3)cc(OCC3(N)CC3)c(OC)c4)cc2)ccc1,LUCITANIB,30000,nM
O=C(NC1CCC(N2CCN(CC3CC3)CC2)CC1)c1cc(OC)c(Nc2nc3N(C(C)C)[C@](CC)C(=O)N(C)c3cn2)cc1,VOLASERTIB,30000,nM
Brc1cc(F)c(COc2c(C(=O)N)c(NC(=O)NCCCCN3CCCC3)sn2)c(F)c1,OSI-632,30000,nM
O=C(Nc1ccc(C(=O)N2CCC(N(C)C)CC2)cc1)Nc1ccc(-c2nc(N3CCOCC3)nc(N3CCOCC3)n2)cc1,GEDATOLISIB,30000,nM
O=C1N(C2CCN(Cc3ccc(-c4c(-c5ccccc5)nc5c(n4)cc(-c4n[nH]nn4)cc5)cc3)CC2)c2c(N1)cccc2,,1613,nM
O=C(NCc1ccc(-n2c(-c3c(N)nccc3)nc3c2nccc3)cc1)c1ccccc1,,24000,nM
O=C(Nc1ccccc1)Cc1ccc(-n2c(-c3c(N)nccc3)nc3c2nccc3)cc1,,22000,nM
P(=O)(OCN1C(=O)C(C)(C)Oc2c1nc(Nc1c(F)cnc(Nc3cc(OC)c(OC)c(OC)c3)n1)cc2)(O)O,FOSTAMATINIB,30000,nM
Clc1c(O)c(Cl)cc(-c2nc3c(NC4CCC(CN(C)C)CC4)c(C(=O)C)cnc3cc2)c1,,30000,nM
Brc1cc(F)c(/N=C/2\N=CNc3c\2cc(OC)c(OCC2CCN(C)CC2)c3)cc1,VANDETANIB,30000,nM
O=C(C)C=1C(=O)N(C2CCCC2)c2nc(Nc3ncc(N4CCNCC4)cc3)ncc2C=1C,PALBOCICLIB,30000,nM
FC(F)(F)c1c(-c2nc(N3CCOCC3)nc(N3CCOCC3)c2)cnc(N)c1,BUPARLISIB,30000,nM
O=C(NCc1ccc(-n2c(-c3c(N)nccc3)nc3c2nc(-c2cnccc2)cc3)cc1)c1ccccc1,,370,nM
O=C(Nc1cc(-c2nc3n(c(-c4c(N)nccc4)nc3cc2)-c2ccc(CNC(=O)c3ccccc3)cc2)ccc1)C,,170,nM
O=C(N[C@@](C(=O)N)CCCNC(=N)N)[C@](NC(=O)CCCCCNC(=O)[C@](NC(=O)CCCCCNC(=O)c1sc(-c2nc(N)ncc2)cc1)CCCCN)CCCNC(=N)N,,100000,nM
O=C(N[C@@](C(=O)N[C@@](C(=O)N[C@@](C(=O)N)CCCNC(=N)N)CCCNC(=N)N)CCCNC(=N)N)[C@](NC(=O)[C@](NC(=O)[C@](NC(=O)CCCCCNC(=O)[C@](NC(=O)CCCCCNC(=O)c1sc(-c2nc(N)ncc2)cc1)CCCCN)CCCNC(=N)N)CCCNC(=N)N)CCCNC(=N)N,,100000,nM
Clc1c(CCNC(=O)c2sc(-c3nc(NC)ncc3)cc2)ccc(Cl)c1,,990,nM
O=C(N)c1sc2n(C)nc(C)c2c1,,100000,nM
O=C(C)c1cc(-c2cnc3[nH]ccc3c2)ccc1,,10000,nM
Fc1ccc(-c2c(-c3nc(NCC(CO)(C)C)ncc3)n3c(C(OCC(C)C)=NC=C3)n2)cc1,,10000,nM
Fc1c(-c2c(C3=Nn4c(C(C)C)nnc4C=C3)n3c(n2)CCC3)ccc(F)c1,,10000,nM
O(CC#Cc1scc(-c2n[nH]c3-c4c(cc(CN5CCN(C)CC5)cc4)Cc23)c1)CC1CC1,,10000,nM
Clc1c(OC)cc(Nc2c(C#N)cnc3c2cc(OC)c(OCCCN2CCN(C)CC2)c3)c(Cl)c1,BOSUTINIB,10000,nM
O=C(Nc1scc(-c2ccncc2)n1)Cc1cc(OCCCN2CCNCC2)ccc1,,2500,nM
S(=O)(=O)(NCCNCCCCCC(=O)N[C@@](C(=O)N[C@@](C(=O)N[C@@](C(=O)N[C@@](C(=O)N[C@@](C(=O)N[C@@](C(=O)N)CCCNC(=N)N)CCCNC(=N)N)CCCNC(=N)N)CCCNC(=N)N)CCCNC(=N)N)CCCNC(=N)N)c1c2c(cncc2)ccc1,,72.440002,nM
Ic1cc(F)c(Nc2c(C(=O)NC[C@](O)CO)ccnc2)cc1,PIMASERTIB,30000,nM
O(C)c1c(OC)cc([C@@]2c3c([C@](O)[C@@]4[C@]2C(=O)OC4)cc2OCOc2c3)cc1OC,AXL-1717,30000,nM
Clc1c(F)c(Nc2ncnc3c2cc(OC2CCN(CC(=O)NC)CC2)c(OC)c3)ccc1,SAPITINIB,30000,nM
Ic1cc(F)c(Nc2c(F)c(F)ccc2C(=O)N2CC(O)([C@]3NCCCC3)C2)cc1,COBIMETINIB,30000,nM
O=C(NO)CCCCCCOc1c(OC)cc2ncnc(Nc3cc(C#C)ccc3)c2c1,CUDC-101,30000,nM
FC(F)(F)c1c(C)c(Cn2c(C)nc3c(C(=O)O)cc(N4CCOCC4)cc23)ccc1,GSK-2636771,30000,nM
O(C)c1cc(NC2=NC=Nn3c2c(CN2C[C@@](O)[C@](N)CC2)cc3)ccc1,BMS-690514,30000,nM
Clc1c(F)ccc(Nc2ncnc3c2cc(NC(=O)/C=C/CN(C)C)c(O[C@@]2COCC2)c3)c1,AFATINIB,30000,nM
S=C(NCc1cc2OCOc2cc1)N1CCN(c2ncnc3c2oc2c3cccc2)CC1,AMUVATINIB,30000,nM
O=C1N(CC)c2nc(N)nc(C)c2C=C1c1n[nH]cc1,VOXTALISIB,30000,nM
CN1Cc2cc(Nc3nc(-c4cc(OCC/C=C/C1)ccc4)ccn3)ccc2,ZOTIRACICLIB,30000,nM
Oc1cc2c([nH]c(-c3nn(C(C)C)c4ncnc(N)c34)c2)cc1,,2600,nM
O(C[C@@](N)Cc1c2c([nH]c1)cccc2)c1cc(c(-c2cocc2)nc1)-c1nc2c(C)n[nH]c2cn1,,15,nM
O(C[C@@](N)Cc1ccccc1)c1c(N)nc(c(-c2nc3c(C)n[nH]c3nc2)c1)-c1c(C)occ1,,6,nM
O=C(NC1CCN(C)CC1)c1cc(OC)c(Nc2nc3N([C@](CC)C(=O)N(C)c3cn2)C2CCCC2)cc1,BI-2536,10000,nM
Clc1ccc(CC(=O)Nc2[nH]nc3c2CCC3)cc1,,10000,nM
Oc1cc(-c2c3c(N)noc3ccc2)ccc1,,10000,nM
O=C(Nc1c(OC)ccc(OC)c1)c1c2n(C(c3ccccc3)=CC=N2)nc1,,10000,nM
Clc1cc(CC(N)COc2cc(-c3cc4c(C)n[nH]c4cc3)cnc2)ccc1,,5.0120001,nM
Clc1nnc2Nc3c(NC(=O)c2c1)cccc3,,10000,nM
Fc1c(-c2c(-c3nc(NCC(CO)(C)C)ncc3)n3c(C(C)=NC=C3)n2)ccc(F)c1,,10000,nM
O=C(Nc1cc(C)ccc1)Nc1ccc(NC(=O)c2c3c(N)ncnc3sc2)cc1,,10000,nM
O=C(Nc1cc(C=Cc2ccncc2)cnc1)C(N)Cc1c2c(ccc1)cccc2,,10000,nM
O(C)c1c(OC)ccc(C=NNc2ncnc3c2[nH]c2c3cccc2)c1,,10000,nM
O=C(N)c1c(N)c2c(C)nn(C)c2s1,,100000,nM
O=C(Nc1cc(C)ccc1)Nc1ccc(-c2c3c(N)nn(C)c3cnc2)cc1,,10000,nM
O(C(C)(C)C)C(=O)n1c2c(c(-c3n(C4CCCCC4)cnc3)c1)cccc2,,10000,nM
FC(F)(F)c1c(F)ccc(-c2nc(n(C)c2)C2CCN(c3ncnc4[nH]ncc34)CC2)c1,LY-2584702,30000,nM
O(Cc1ccccc1)c1cc(-c2c3c(N)ncnc3n(C3CC(N4CCC4)C3)c2)ccc1,AEW-541,30000,nM
O=C(NC1=Nc2c(OC)c(OCCCN3CCOCC3)ccc2C=2N1CCN=2)c1cnc(N)nc1,COPANLISIB,30000,nM
Ic1cc(F)c(NC2=C(F)C(=O)N(C)C=3N=CN(C[C@@](O)CO)C(=O)C2=3)cc1,TAK-733,30000,nM
O=C(NC/C=C/c1cc2c(Nc3cc(C)c(Oc4cnc(C)cc4)cc3)ncnc2cc1)COC,CP-724714,30000,nM
S(=O)(=O)(CC)N1CC(CC#N)(n2ncc(-c3ncnc4[nH]ccc34)c2)C1,BARICITINIB,30000,nM
O=C(Nc1ccc(C2(C#N)CCCC2)cc1)c1c(NCc2ccncc2)nccc1,RIVOCERANIB,30000,nM
O=C(O)CCc1c(C)c(/C=C/2\C(=O)Nc3c\2cccc3)[nH]c1C,ORANTINIB,30000,nM
Clc1ccc(Nc2nnc(OCc3cc(C(=O)NC)ncc3)c3occc23)cc1,TELATINIB,30000,nM
Fc1cc2/C(=C/c3c(C)c(C(=O)NCCN(CC)CC)c(C)[nH]3)/C(=O)Nc2cc1,SUNITINIB,30000,nM
Oc1cc(-c2c(-c3cc(O)ccc3)nc3nc(N)nc(N)c3n2)ccc1,TG100-115,30000,nM
O=C(N(C1CC1)C1CC1)c1n(CC)c2nc(Nc3nn(C)c(C)c3)c3ncn(C)c3c2c1,BMS-911543,30000,nM
Clc1c(Oc2cc(C(F)(F)F)ccc2)ccc(Nc2ncnc3c2n(CCNC(=O)CC(O)(C)C)cc3)c1,TAK-285,30000,nM
O=C1N(C)c2c(N1c1ccc(C(C#N)(C)C)cc1)c1c(nc2)ccc(-c2cnc3c(c2)cccc3)c1,DACTOLISIB,30000,nM
S(=O)(=O)(N1CCNCCC1)c1c2c(cncc2)ccc1,FASUDIL,30000,nM
Ic1cc(F)c(Nc2c(F)c(F)cc(OC)c2NS(=O)(=O)C2(C[C@](O)CO)CC2)cc1,REFAMETINIB,30000,nM
O=C(Nc1nn2C(c3ccc(CN4CCS(=O)(=O)CC4)cc3)=CC=Cc2n1)C1CC1,FILGOTINIB,30000,nM
Fc1c(C(=O)NC[C@]2(N)CN(c3ncnc4[nH]cc(CC)c34)CC2)ccc(F)c1,,12,nM
O=C(O)c1cc2nc(c(-c3ccccc3)nc2cc1)-c1ccc(CN2CCC(N3C(=O)Nc4c3cccc4)CC2)cc1,,3200,nM
O=C(N(C)c1ccc(N/C(/c2ccccc2)=C/2\C(=O)Nc3c\2ccc(C(=O)OC)c3)cc1)CN1CCN(C)CC1,NINTEDANIB,10000,nM
Clc1c(F)ccc(Nc2ncnc3c2cc(NC(=O)C=C)c(OCCCN2CCOCC2)c3)c1,CANERTINIB,10000,nM
Fc1ccc(-c2c(-c3nc(NCC(CO)(C)C)ncc3)n3c(C(CCN)=NC=C3)n2)cc1,,10000,nM
Fc1c(-c2c(C3=Nn4c(C(CO)(C)C)nnc4C=C3)n3c(OC=C3)n2)ccc(F)c1,,10000,nM
O=C(N)[C@](NC(=O)CCCCCNC(=O)[C@@]1[C@@](O)[C@@](O)[C@](n2c3ncnc(N)c3nc2)O1)CCCNC(=N)N,,1610,nM
O(C[C@@](N)Cc1ccccc1)c1c(NCC)nc(c(-c2nc3c(C)n[nH]c3nc2)c1)-c1cocc1,,500,nM
O(C[C@](N)Cc1ccccc1)c1nc(C#CC(O)(C)C)c2nc(n(CC)c2c1)-c1c(N)non1,,3,nM
O=C(N[C@@](C(=O)N[C@@](C(=O)N[C@@](C(=O)N)CCCNC(=N)N)CCCNC(=N)N)CCCNC(=N)N)[C@](NC(=O)[C@](NC(=O)[C@](NC(=O)CCCCCNC(=O)[C@](NC(=O)CCCCCNC(=O)c1sc(-c2nc(N)ncc2)cc1)CCCCN)CCCNC(=N)N)CCCNC(=N)N)CCCNC(=N)N,,12,nM
O=C(N[C@@](C(=O)N)CCCNC(=N)N)[C@](NC(=O)CCCCCNC(=O)[C@](NC(=O)CCCCCNC(=O)c1ccc(C(=O)N)cc1)CCCCN)CCCNC(=N)N,,28000,nM
N(Cc1c2n(CC)c(-c3c(N)non3)nc2cnc1)C1CCNCC1,,646,nM
Nc1ncnc2n(C(C)(C)C)nc(-c3ccc(C)cc3)c12,,7943.2798,nM
OCCNc1ncc2c(c1)cc(-c1ccccc1)cc2,,10000,nM
Clc1c2c(-c3ccc(C(=O)N)cc3)c[nH]c2ncc1,,6309.5698,nM
O=C(NC)N1CCN(CCCOc2cc3-c4[nH]nc(-c5cnc(C#N)cc5)c4Cc3cc2)CC1,,10000,nM
O=C1NNc2c1c(-c1ccccc1)ccc2,,39810.719,nM
Clc1c(Cl)ccc(CNC(=O)Nc2cc3c([nH]nc3)cc2)c1,,3981.0701,nM
Brc1ccc(C=CCNCCNS(=O)(=O)c2c3c(cncc3)ccc2)cc1,,398.10999,nM
O(C)c1c(O)ccc(C=C2C(=O)NC(=O)S2)c1,,10000,nM
Fc1c(Oc2ncnc3c2cc(OC)c(OCCCN2CCCC2)c3)ccc2[nH]c(C)cc12,CEDIRANIB,10000,nM
O=C(Nc1cc(C)ccc1)Nc1ccc(-c2c3c(N)ncc(-c4cn(CC(O)C)nc4)c3sc2)cc1,,10000,nM
OCCNc1ncc2c(c1)cc(-c1cnccc1)cc2,,10000,nM
Fc1c(NC(=O)Nc2ccc(-c3c4c(N)n[nH]c4ccc3)cc2)cc(C)cc1,LINIFANIB,10000,nM
Fc1cc(NC(=O)Nc2ccc(-c3c4c(N)ncc(-c5cn(CC(O)C)nc5)c4sc3)cc2)ccc1,,10000,nM
O(CC(N)Cc1c2c([nH]c1)cccc2)c1cc(-c2cc3OC(=O)Nc3cc2)cnc1,,125.89,nM
Fc1ccc(-c2c(-c3nc(NC(C)c4ccccc4)ncc3)n3c(OC=C3)n2)cc1,,10000,nM
Clc1c2C(c3c(O)ccc(Cl)c3)=C(O)C(=O)Nc2cc(Cl)c1,,3981.0701,nM
Brc1cc(N2C(=O)C(=CC=3C(C)=C(C#N)c4n(C=3O)c3c(n4)cccc3)C(C)=N2)ccc1,,10000,nM
O(Cc1ccccc1)c1cc(-c2c(C)n(C3CC(CN4CCCC4)C3)c3ncnc(N)c23)ccc1,,10000,nM
O=C(Nc1cc(C)ccc1)Nc1ccc(-c2c3c(N)ncc(C#CCN4CCCC4)c3sc2)cc1,,10000,nM
Fc1c(-c2c(-c3nc(NCC(O)(C)C)ncc3)n3c(C(OC(C)C)=NC=C3)n2)ccc(F)c1,,10000,nM
S(=O)(=O)(N(C)C1CC1)c1cc(F)c(-c2cc(c(N)nc2)-c2cc3c(C(=O)NCC3)cc2)cc1,,14.9,uM
S(=O)(=O)(N)c1cc(Nc2nc3n(Cc4ccccc4)ccc3cn2)ccc1,,10000,nM
O=C(Nc1nccc(-c2c(-c3cc(C)ccc3)nc(CC)s2)c1)c1ccccc1,TAK-715,10000,nM
Clc1cc(NC(=O)Nc2ccc(-c3c4c(N)ncc(C(=O)NC)c4sc3)cc2)ccc1,,10000,nM
O=C(NCCCN(CCCNC(=O)Nc1cc(C(=NNC(=N)N)C)cc(C(=NNC(=N)N)C)c1)C)Nc1cc(C(=NNC(=N)N)C)cc(C(=NNC(=N)N)C)c1,,398.10999,nM
C(C)(C)(C)c1cc2[nH]c(-c3n[nH]c4c3cccc4)nc2cc1,,10000,nM
O=C1N=CC=C2N=C(c3ccc(CN4CCC(c5nc(-c6ncccc6)[nH]n5)CC4)cc3)C(c3ccccc3)=CC12,,1900,nM
O=C(O)c1cc2nc(c(-c3ccc(CN4CCC(N5C(=O)Nc6c5cccc6)CC4)cc3)nc2cc1)-c1ccccc1,,50000,nM
O=C(NCCN(CC)CC)c1cc2nc(c(-c3ccc(CN4CCC(N5C(=O)Nc6c5cccc6)CC4)cc3)nc2cc1)-c1ccccc1,,8000,nM
O=C(NC1CNCCC1)c1c2n(CC)c(-c3c(N)non3)nc2cnc1,,3020,nM
Clc1ccc(C(NC(=O)C2(N)CCN(c3ncnc4[nH]ccc34)CC2)Cc2ccccc2)cc1,,150,nM
Clc1ccc(CNC(=O)C2(N)CCN(c3ncnc4[nH]ccc34)CC2)cc1,,57,nM
Brc1c(-c2c3c([nH]cc3)ncc2)sc(C(=O)NC(CN)c2ccccc2)c1,,20,nM
Clc1c(c(Cl)ccc1)C=1C(=O)N=CN2N=C(Sc3c(F)cc(F)cc3)C=CC=12,NEFLAMAPIMOD,5000,nM
Fc1c(NC(=O)Nc2ccc(-c3c4c(N)n[nH]c4ccc3)cc2)cc(C)cc1,LINIFANIB,10000,nM
S(=O)(=O)(N)c1c(C)ccc(Nc2nc(N(C)c3cc4nn(C)c(C)c4cc3)ccn2)c1,PAZOPANIB,10000,nM
Fc1ccc(-c2c(-c3ccncc3)[nH]c(-c3ccc(O)cc3)n2)cc1,SB-202190,10000,nM
O=C1N(C2CCN(Cc3ccc(C4=C(c5ccccc5)N=C(Cc5ccccc5)C(=O)N4)cc3)CC2)c2c(N1)cccc2,,3973,nM
O=C1N(C2CCN(Cc3ccc(C4=C(c5ccccc5)NC(=O)C=N4)cc3)CC2)c2c(N1)cccc2,,50000,nM
Fc1cc2/C(=C/c3c(C)c(C(=O)NCCN(CC)CC)c(C)[nH]3)/C(=O)Nc2cc1,SUNITINIB,10000,nM
FC(F)(F)c1nc(NC(=O)Nc2c3c(ncc2)cc(C(F)(F)F)cc3)ccc1,,10000,nM
O=C(Nc1nc(OCCC)c(C#N)c(N)c1)C,,10000,nM
O=C(OCC)C1=C(N)N2C(=O)C(=Cc3sccc3)SC2=C(C(=O)N)C1c1sccc1,,10000,nM
FC(F)(F)Oc1cc(CC(N)COc2cc(-c3cc4c(C)n[nH]c4cc3)cnc2)ccc1,,6.3099999,nM
O=C(Nc1cc2c(-c3c4c(N)ncnc4sc3CC2)cc1)Nc1ccccc1,,10000,nM
O=C(Nc1cc(C)ccc1)Nc1ccc(-c2c3c(N)ncc(C#Cc4cnccc4)c3sc2)cc1,,10000,nM
Clc1c(Cl)ccc2sc(C(=O)N)c(NC(=O)c3ccc(Cl)cc3)c12,,10000,nM
OCCNc1ncc2c(c1)cc(-c1cscc1)cc2,,10000,nM
O(CC(CN)Cc1ccccc1)c1cc(-c2cc3c(C)n[nH]c3cc2)cnc1,,79.43,nM
Clc1c(N2c3c(C(=O)C(C(=O)N)=C2)ccc(-c2ccncc2)c3)ccc(O)c1,,6309.5698,nM
O=C(Nc1cc(-c2nc(Nc3cc4c([nH]nc4)cc3)c3c(n2)ccc(OCCN2CCCC2)c3)ccc1)CCC,,3162.28,nM
O(CCN)c1cc(-c2cc3c(C)n[nH]c3cc2)cnc1,,3981.0701,nM
Fc1ccc(-c2c(-c3cc4n(CC(C)C)c(N)nc4cc3)n3c(SC=C3)n2)cc1,,10000,nM
Clc1ccc(C(=O)Nc2cnc3[nH]cc(-c4ccccc4)c3c2)cc1,,10000,nM
Fc1ccc(-c2c(-c3nc(NCC(CO)(C)C)ncc3)n3c(C(OC)=NC=C3)n2)cc1,,10000,nM
O=C(/C=C/c1[nH]c2c(n1)cccc2)C=1C(=O)Nc2c(C=1c1ccccc1)cccc2,,1640,nM
Brc1cc2C(c3ccccc3)=C(C(=O)/C=C/c3[nH]c4c(n3)cccc4)C(=O)Nc2cc1,,1640,nM
Fc1c(F)ccc(C[C@@](N)C(=O)N2CCN(c3ncnc4c3cccc4)CC2)c1,,666,nM
O=C([C@](N)Cc1cc(OC)cc(OC)c1)N1CCN(c2ncnc3c2cccc3)CC1,,5769,nM
O=C1N(C2CCN(Cc3ccc(C4=C(c5ccccc5)N=C(C(CC)C)C(=O)N4)cc3)CC2)c2c(N1)cccc2,,50000,nM
O=C(O)c1sc2c(c(-c3ccccc3)cnc2)c1,,10000,nM
O=[N+]([O-])c1cc2[nH]c(Nc3ncc(C)cc3)nc2cc1,,10000,nM
Fc1cc(C(=O)Nc2n[nH]c3c2cc(-c2nnn(Cc4ccccc4)c2)cc3)ccc1,,251.19,nM
O=C(NN=C1c2c(c(C)c(O)cc2)CCC1)Cc1c2c(ccc1)cccc2,,10000,nM
Clc1c(OC)ccc(NC(=O)Nc2ccc(-c3c4c(N)noc4ccc3)cc2)c1,,10000,nM
Fc1ccc(-c2c(-c3nc(NC(C)c4ccccc4)ncc3)n3c(OC=C3)n2)cc1,,10000,nM
Fc1ccc(-c2n(Cc3ccccc3)nnc2-c2cc3c(N)n[nH]c3cc2)cc1,,1995.26,nM
Clc1c(Cl)ccc(CC(N)COc2cc(-c3cc4c(C)n[nH]c4cc3)cnc2)c1,,3.9809999,nM
Clc1ccc(Oc2c3c(sc(-c4oc(N)nn4)c3)cnc2)cc1,,10000,nM
O=C(Nc1n[nH]c2c1cc(-c1nnn(Cc3ccccc3)c1)cc2)CCC,,7943.2798,nM
O=C(NCCCCCCNC(=O)Nc1cc(C(=NNC(=N)N)C)cc(C(=NNC(=N)N)C)c1)Nc1cc(C(=NNC(=N)N)C)cc(C(=NNC(=N)N)C)c1,,398.10999,nM
N#Cc1cc2n(c(N)nc2cc1)-c1scc(-c2ccccc2)n1,,10000,nM
Clc1c(OCc2sc(c(C)n2)-c2nc(N)ncc2)cccc1,,5011.8701,nM
O=C1C(=Cc2c3c(n(C)c2)cccc3)c2ncccc2N1,GW441756X,10000,nM
O(C)c1c(OC)cc(Nc2nc(Nc3onc(C4CCCCC4)c3)ccn2)cc1OC,,10000,nM
Clc1c2c(nc3C(=O)NCCc13)ccc(SC)c2,,10000,nM
N(c1nc(-c2c3c([nH]c2)nccc3)ccn1)C1CCCCC1,,2511.8899,nM
O=C(N[C@@](C(=O)N[C@@](C(=O)N[C@@](C(=O)N)CCCNC(=N)N)CCCNC(=N)N)CCCNC(=N)N)[C@](NC(=O)[C@](NC(=O)[C@](NC(=O)CCCCCNC(=O)[C@](NC(=O)CCCCCNC(=O)[C@@]1[C@@](O)[C@@](O)[C@](n2c3ncnc(N)c3nc2)O1)CCCCN)CCCNC(=N)N)CCCNC(=N)N)CCCNC(=N)N,,14.6,nM
O=C(N[C@@](C(=O)N)CCCNC(=N)N)[C@](NC(=O)CCCCCNC(=O)[C@](NC(=O)CCCCCNC(=O)[C@@]1[C@@](O)[C@@](O)[C@](n2c3ncnc(N)c3nc2)O1)CCCCN)CCCNC(=N)N,,774,nM
O=C(O)c1c(Nc2nc(Nc3cc4[nH]ncc4cc3)ncc2)cccc1,,10000,nM
O(CC(O)Cc1c2c([nH]c1)cccc2)c1cc(C=Cc2ccncc2)cnc1,,7943.2798,nM
FC(F)(F)Oc1ccc(C2=C(COC(c3n(C)cnc3)c3ccc(C#N)cc3)N(C)C(=O)C(C#N)=C2)cc1,,10000,nM
Fc1c(C)cc(NC(=O)Cc2ccc(-c3c4c(N)n[nH]c4ccc3)cc2)cc1,,7943.2798,nM
Fc1ccc(-c2c(-c3nc(NCCOC)ncc3)n3c(n2)C=NC=C3)cc1,,10000,nM
FC(F)(F)c1cc(NC(=O)Nc2ccc(-c3c4c(C)n[nH]c4ccc3)cc2)ccc1,,10000,nM
O=C(C)N1CCN(C2CCC(n3nc(-c4ccc(NC(=O)c5n(C)c6c(c5)cccc6)cc4)c4c(N)ncnc34)CC2)CC1,,10000,nM
O=C(Nc1ncc(C#N)nc1)Nc1cc2c(cc(C(=O)O)cc2)cc1,,10000,nM
Clc1cc2C(=O)c3c(C)nn(C)c3N(OCCC)c2cc1,,10000,nM
Clc1c(C2CC(=O)c3c(O)c4c(nc3C2)cc(Cl)cc4)ccc(Cl)c1,,10000,nM
O(Cc1ccccc1)c1cc(-c2c(C)n(C3CCC(N4CCCC4)CC3)c3ncnc(N)c23)ccc1,,10000,nM
O=C(O)c1c(CCCOc2c(C)c(C)cc(C)c2)c2c(c(-c3c(C)cccc3)ccc2)[nH]1,,10000,nM
Clc1c(C=2Oc3c(c(O)cc(O)c3C(=O)C=2)[C@@]2[C@](O)CN(C)CC2)cccc1,ALVOCIDIB,10000,nM
NC(C)(C)c1ccc(-c2c(-c3ccccc3)nc3c(n2)cccc3)cc1,,50000,nM
Clc1ccc(C(C(=O)N2CCN(c3ncnc4sc5c(c34)CCC5)CC2)CNCCCC)cc1,,137,nM
Clc1c(Cl)ccc(C[C@@](N)C(=O)N2CCN(c3ncnc4c3cccc4)CC2)c1,,485,nM
FC(F)(F)c1ccc(C[C@@](N)C(=O)N2CCN(c3ncnc4c3cccc4)CC2)cc1,,746,nM
Fc1cc(F)cc(C[C@@](N)C(=O)N2CCN(c3ncnc4c3cccc4)CC2)c1,,6073,nM
O=C(Nc1cc(Nc2scc(-c3cnccc3)n2)c(C)cc1)c1ccc(CN2CCN(C)CC2)cc1,MASITINIB,10000,nM
O=C(Nc1n[nH]c2c1cc(-c1c(n(Cc3ccccc3)nn1)-c1ccccc1)cc2)CCC,,1584.89,nM
O=C(Nc1cc(C)ccc1)Nc1ccc(-c2cc(C(=O)N)ccc2)cc1,,10000,nM
N(c1ncnc2c1cccc2)c1ccccc1,,100000,nM
O=[N+]([O-])c1sc(NC(=O)NCc2ccccc2)nc1,,10000,nM
Brc1c2c(C(=O)NC2)ccc1,,100000,nM
O=C(Nc1nn2c(c1)C=CC=C2)C,,100000,nM
Clc1cc2oc(Nc3ccc(-c4c5c(C(=O)NC5)cc(OCCCN)c4)cc3)nc2cc1,,5011.8701,nM
Fc1c(-c2c(-c3nc(NCC(C(=O)O)(C)C)ncc3)n3c(C(C)=NC=C3)n2)ccc(F)c1,,10000,nM
N#CC[C@@](n1ncc(-c2ncnc3[nH]ccc23)c1)C1CCCC1,RUXOLITINIB,10000,nM
Brc1c(-c2c3c([nH]cc3)ncc2)sc(C(=O)N[C@](CN)Cc2cc(C(F)(F)F)ccc2)c1,,1,nM
Brc1c(-c2c3c([nH]cc3)ncc2)sc(C(=O)N[C@](CN)Cc2c(F)cccc2)c1,,2,nM
O=C(N[C@@](C(=O)N[C@@](C(=O)N[C@](C(=O)N)CCCCN)CCCNC(=N)N)CCCNC(=N)N)[C@](NC(=O)[C@](NC(=O)[C@](NC(=O)[C@](NC(=O)CCCCCNC(=O)[C@](NC(=O)CCCCCNC(=O)c1sc(-c2nc(N)ncc2)cc1)CCCCN)CCCNC(=N)N)CCCNC(=N)N)CCCNC(=N)N)CCCNC(=N)N,,100000,nM
O([C@](CCN)c1ccccc1)c1nc(C#CC(O)(C)C)c2nc(n(CC)c2c1)-c1c(N)non1,,65,nM
FC(F)(F)c1cc(NC(=O)Nc2ccc(-c3noc4ncnc(N)c34)cc2)ccc1,,10000,nM
FC(F)(F)c1c(COc2c(C(=O)N)sc(-n3c4c(nc3)cccc4)c2)cccc1,,10000,nM
Clc1c(NCc2scnc2)cc2OCCCCOc3c(C#N)ncc(n3)NC(=O)Nc2c1,,7157,nM
Clc1c(-c2n(C)ncc2Cl)cc(C(=O)N[C@](CN)Cc2cc(F)ccc2)o1,,3.9809999,nM
Fc1ccc(CNC(=O)c2sc(-c3nc(NC)ncc3)cc2)cc1,,4700,nM
Fc1ccc(CCNC(=O)c2sc(-c3nc(NC)ncc3)cc2)cc1,,3000,nM
O=C([C@](N)Cc1ccc(C#N)cc1)N1CCN(c2ncnc3c2cccc3)CC1,,2718,nM
Clc1ccc([C@](C(=O)N2CCN(c3ncnc4[C@](O)C[C@@](C)c34)CC2)CNCC2CCOCC2)cc1,,4,nM
Clc1ccc([C@](C(=O)N2CCN(c3ncnc4[C@](O)C[C@@](C)c34)CC2)CNC(CO)(C)C)cc1,,3,nM
O=C(NCc1ccc(-n2c(-c3c(N)nccc3)nc3c2ncc(-c2cnccc2)c3)cc1)c1ccccc1,,660,nM
O=C(NCCN(CC)CC)c1cc2nc(c(-c3ccc(CN4CCC(N5C(=O)Nc6c5cccc6)CC4)cc3)nc2cc1)-c1ccccc1,,7400,nM
O=C1N(C2CCN(Cc3ccc(-c4c(-c5ccccc5)nc5c(n4)ccc(-c4n[nH]nn4)c5)cc3)CC2)c2c(N1)cccc2,,1228,nM
O=C(Nc1c(C)c(O)ccc1)c1c2n(C(c3ccccc3)=CC=N2)nc1,,10000,nM
Ic1nnc2Nc3c(NC(=O)c2c1)cccc3,,10000,nM
Clc1nc(NC2CCCCC2)nc(-c2c3c([nH]c2)nccc3)c1,,10000,nM
S(=O)(=O)(N)c1cc(-c2c3occ(-c4ccc(NC(=O)Nc5c(F)ccc(C(F)(F)F)c5)cc4)c3c(N)nc2)ccc1,,10000,nM
S(C)c1ccc(-c2[nH]c(c(-c3ccc(F)cc3)n2)-c2ccncc2)cc1,,10000,nM
S(=O)(=O)(Nc1c(-c2cc3Nc4c(NC(=O)c3cc2)cc(-c2cc(OC)c(OC)c(OC)c2)cc4)cccc1)C,,10000,nM
Clc1c(n(C)nc1)-c1c(CC)sc(C(=O)N[C@](CN)Cc2cc(F)ccc2)c1,,25.120001,nM
O=C1N(C2CCN(Cc3ccc(-c4c(-c5ccccc5)nc5c(n4)cc4[nH]cnc4c5)cc3)CC2)c2c(N1)cccc2,,2119,nM
O=C(N[C@@](C(=O)N)CCCNC(=N)N)[C@](NC(=O)CCCCCNC(=O)[C@](NC(=O)CCCCCNC(=O)c1sc(-c2nc(N)ncc2)cc1)CCCCN)CCCNC(=N)N,,270,nM
Clc1ccc(C(NC(=O)C2(N)CCN(c3ncnc4[nH]ccc34)CC2)CCCN2CCCC2)cc1,,36,nM
O=C(NC(C)c1ncccc1)C1(N)CCN(c2ncnc3[nH]ccc23)CC1,,8065,nM
O(Cc1ccc(OC)cc1)c1c(OC)cc(Cc2c(N)nc(N)nc2)cc1,GW632580X,10000,nM
S(=O)(=O)(C)N1CCC(Nc2nc(N)c(C(=O)c3c(F)c(F)ccc3OC)cn2)CC1,RG-547,10000,nM
Clc1ccc([C@](C(=O)N2CCN(c3ncnc4c3[C@](C)CC4)CC2)CNC(C)C)cc1,,5,nM
IC=1c2n(C(=O)NC=1)cc(-c1cc(Cl)ccc1)n2,,10000,nM
Clc1c(c(Cl)ccc1)C=1C(=O)N=CN2N=C(Sc3c(F)cc(F)cc3)C=CC=12,NEFLAMAPIMOD,10000,nM
Clc1cc2C(=O)c3c(C)nn(-c4ccccc4)c3N(O)c2cc1,,10000,nM
Fc1c(C)cc(NC(=O)Nc2ccc(-c3c4c(N)noc4c(OC)cc3)cc2)cc1,,10000,nM
S(=O)(=O)(N1CCOCC1)c1cc(C(=O)Nc2ccc(-c3[nH]c4c(c(C(=O)N)ccc4)n3)cc2)ccc1,,10000,nM
O=C(N)c1c2nc(-c3ccncc3)[nH]c2ccc1,,10000,nM
O(Cc1ccccc1)c1ccc(Nc2ncnc3c2cccc3)cc1,,10000,nM
O=C(Nc1ccc(OC)cc1)Nc1ccc(-c2c3c(N)ncc(-c4cn(CC(O)(C)C)nc4)c3sc2)cc1,,10000,nM
O(CCCCCCCCCCCC)c1c(NC(=N)N)cc(NC(=N)N)cc1,LAUROGUADINE,10000,nM
O=C1n2nc(-c3occc3)cc2NC2=C1CSC2,,10000,nM
C(n1nnc(-c2cc3c([nH]nc3)cc2)c1)c1ccccc1,,3981.0701,nM
Clc1c([C@](Oc2c(N)ncc(-c3cn(C4CCNCC4)nc3)c2)C)c(Cl)ccc1F,CRIZOTINIB,10000,nM
Clc1c(Nc2c(S(=O)(=O)C(C)C)cccc2)nc(Nc2c(OC)cc(N3CCC(N4CCN(C)CC4)CC3)cc2)nc1,TAE-684,10000,nM
Clc1ccc([C@](C(=O)N2CCN(c3ncnc4[C@](O)C[C@@](C)c34)CC2)CNC2CCOCC2)cc1,,5,nM
Clc1ccc([C@](C(=O)N2CCN(c3ncnc4[C@](O)C[C@@](C)c34)CC2)CNC(C)C)cc1,IPATASERTIB,8,nM
Clc1ccc([C@](C(=O)N2CCN(c3ncnc4c3[C@](CF)CC4)CC2)CNC(C)C)cc1,,5,nM
Oc1ccc(Nc2c(c(-c3ccc(O)cc3)n[nH]2)-c2ccc(O)cc2)cc1,,10000,nM
Clc1ccc(CC(NC(=O)c2ccc(-c3ccncc3)cc2)CO)cc1,,10000,nM
FC(F)(F)c1c(Cn2nnc(-c3cc4c([nH]nc4)cc3)c2)ccc(C(F)(F)F)c1,,10000,nM
Clc1c2sc3C(=O)NC=Nc3c2c(Cl)cc1,,10000,nM
Oc1c2c3c(N=Nc3ccc2)c2c1cccc2,SP-600125,10000,nM
O=C(Nc1cc(Oc2ncc3nc(n(CC)c3c2)-c2c(N)non2)ccc1)c1ccc(OCCN2CCOCC2)cc1,GSK-269962A,1995.26,nM
O=C(Nc1cc(C)ccc1)Nc1ccc(-c2c3c(N)ncnc3oc2)cc1,,10000,nM
Clc1c(C2C(C#N)=C(N)Oc3[nH]nc(C)c23)cccc1,,10000,nM
S(=O)(=O)(N1CCNCCC1)c1c2c(cncc2)ccc1,FASUDIL,6309.5698,nM
O=C(Nc1nn(C(=O)CC)c2nc3c(cc12)cccc3)CCC,,10000,nM
S(=O)(=O)(Nc1ccc(-c2cc3c(NC(=O)C)n[nH]c3cc2)cc1)CCC,,7943.2798,nM
Clc1c(NC(=O)c2sc(Nc3nc(C)nc(N4CCN(CCO)CC4)c3)nc2)c(C)ccc1,DASATINIB,10000,nM
O=C(N)Cn1c2c(c(-c3cc(-c4sc5c(c4)cccc5)c4[nH]ncc4c3)c1)nc(N)nc2,,10000,nM
Clc1ccc(-c2c(-c3ncncc3)cn(CCOC)n2)cc1,,10000,nM
S(=O)(=O)(C)c1c(OC)cc(CC(=O)Nc2nc(OCC)c(C#N)c(N)c2)c(OC)c1,,10000,nM
O=C(O)C1=Nc2n(C(c3sccc3)=C1)ncc2,,100000,nM
O(CCN)c1cc(Nc2nc(N)ncc2)ccc1,,10000,nM
Oc1n2nc3c1cccc3-c1c(O)nc3c(n1)c(O[C@]1C[C@@](C)N(C1)CC2)ccc3,,1000,nM
O(C[C@@]1CNCCC1)c1c2n(CC)c(-c3c(N)non3)nc2c(C#CC(O)(C)C)nc1,GSK-690693,3,nM
O(C)c1cc(Nc2nc(C3=C(C)N(CC)C(=O)S3)ccn2)ccc1,,10000,nM
O(C)c1c(OC)cc2c(c(CC)nc3C(=O)NC(=O)c23)c1,,10000,nM
[nH]1nc2-c3c(cccc3)Cc2c1,,100000,nM
O=C1NCCc2[nH]c(-c3cc(C=Cc4ccccc4)ncc3)cc12,,10000,nM
Nc1ncnc2c1sc1nc(C)cc(C)c21,,10000,nM
O=C1Nc2ncc(-c3ccccc3)cc2N1,,10000,nM
Clc1c(c(C)ccc1)-c1c2[nH]c(C(=O)NCCOCCOCCN)c(CCCOc3c4c(ccc3)cccc4)c2ccc1,,10000,nM
O=C(Nc1ccc(OCC)cc1)Nc1ccc(-c2c3c(N)ncc(-c4cn(C)nc4)c3sc2)cc1,,10000,nM
Clc1cc2C(c3ccccc3)=C(N)C(=O)Nc2cc1,,10000,nM
N(CCN)C1=Nc2c(-n3c(C)cnc13)cc(C)cc2,BMS-345541,10000,nM
O=C(Nc1n(CCCC)c2c(n1)cc(N(C(=O)C1CCCCC1)C)cc2)c1cc(C#N)ccc1,,10000,nM
Fc1c(N2c3nc(N4CC5C(N)C5C4)c(F)cc3C(=O)C(C(=O)O)=C2)ccc(F)c1,,10000,nM
O(c1ccc(-c2c3c(N)ncnc3n(C3CCC(N4CCN(C)CC4)CC3)c2)cc1)c1ccccc1,,7943.2798,nM
O=C(NCc1ccc(-n2c(-c3c(N)nccc3)nc3c2ncc(-c2ccccc2)c3)cc1)c1ccccc1,,100000,nM
O=C(N[C@@](C(=O)N)CCCNC(=N)N)[C@](NC(=O)CCCCCNC(=O)[C@](NC(=O)CCCCCNC(=O)[C@@]1[C@@](O)[C@@](O)[C@](n2c3ncnc(N)c3nc2)O1)CCCCN)CCCNC(=N)N,,774,nM
Fc1c(Oc2c3c(ncc2)cc(OCCCN2CCOCC2)c(OC)c3)ccc(NC(=O)C2(C(=O)Nc3ccc(F)cc3)CC2)c1,FORETINIB,10000,nM
S(c1n2N=C(c3cn(C)nc3)C=Cc2nn1)c1cc2c(nccc2)cc1,SGX-523,10000,nM
S(=O)(=O)(C)c1c(F)c(C)c(C(=O)N2Cc3c(OCC2)ccc(-c2cnc(N)cc2)c3)cc1,,10000,nM
Oc1n(C2CCN(Cc3ccc(-c4c(-c5ccccc5)nc5c(n4)cccc5)cc3)CC2)c2c(n1)cccc2,,27000,nM
O=C(NCc1c(OC)ccc(OC)c1)c1nc(OC(C)C)c(C#N)c(N)c1,,10000,nM
Clc1cc2N=C3C(=C(O)CC(C)(C)C3)Sc2cc1,,10000,nM
OCCC(Nc1sc2c(n1)ccc(-c1ccncc1)c2)c1ccccc1,,1584.89,nM
Fc1c(F)cc(Cn2c3c(c(-c4cc5Nc6c(NC(=O)c5cc4)cc(CCOc4ccc(N5CCOCC5)cc4)cc6)c2)ccnc3)cc1F,,10000,nM
O=C(NC(C)c1ccccc1)c1ccc(-c2ccncc2)cc1,,10000,nM
FC(F)(F)c1cc(CNC=2C(=O)C(=O)C=2Nc2ccncc2)ccc1,,3162.28,nM
C(c1nnn(-c2cc3c([nH]nc3)cc2)c1)c1ccccc1,,10000,nM
O(C)c1c(C#C)cc2c(-c3[nH]nc(-c4cnc(C#N)cc4)c3C2)c1,,10000,nM
N#CC1=C(C)C=C(NNCC)n2c3c(nc12)cccc3,,10000,nM
Fc1cc2/C(=C/c3c(C)c(C(=O)NCCN(CC)CC)c(C)[nH]3)/C(=O)Nc2cc1,SUNITINIB,10000,nM
Clc1c(OC)cc(OC)c(NC2=Nn3c(-c4ccccc4)nnc3C=C2)c1,,10000,nM
Fc1ccc(-c2c(n(C3CCC(O)CC3)cn2)-c2nc(OC)ncc2)cc1,,10000,nM
FC(F)(F)c1nc(NC(=O)Nc2c3c(c(C(F)(F)F)ccc3)ncc2)ccc1,,10000,nM
Clc1ccc(CCNC(=O)c2sc3[nH]nc(C)c3c2)cc1,,10000,nM
O=C(NCCCCCC(=O)N[C@@](C(=O)NCCCCCC(=O)N[C@@](C(=O)N[C@@](C(=O)N)CCCNC(=N)N)CCCNC(=N)N)CCCCN)Nc1ccc(C(=O)N)cc1,,900000,nM
O=C(Nc1cc(C)ccc1)Nc1ccc(-c2c3c(N)ncc(C#CCN)c3sc2)cc1,,10000,nM
FC(F)(F)c1c2nccc(NC(=O)Nc3nccnc3)c2ccc1,,10000,nM
Brc1c(C=C(C#N)c2[nH]c3c(n2)cccc3)cc(OC)c(O)c1,,10000,nM
O=C(N(C(C)C)C(C)C)Nc1cc2nc(c(-c3occc3)nc2cc1)-c1occc1,,7943.2798,nM
S(=O)(=O)(NC(=O)c1ccc(-c2ccc(F)cc2)cc1)c1cc([N+](=O)[O-])c(NCCSc2ccc(O)cc2)cc1,,10000,nM
O=C(Nc1ccc(CO)cc1)c1c2n(C(c3ccccc3)=CC=N2)nc1,,10000,nM
N(Nc1ncnc(-n2c(-c3ccccc3)cc(C)n2)c1)=Cc1occc1,,10000,nM
Clc1ccc(CNC=2C(=O)C(=O)C=2Nc2ccncc2)cc1,,10000,nM
Fc1cc(CNC(=O)c2cc3NC(=O)c4c(Nc3cc2)cc(-c2cc(OC)c(O)cc2)cc4)ccc1,,3162.28,nM
O(CCCCN)c1c2n(CC)c(-c3c(N)non3)nc2c(C#CC(O)(C)C)nc1,,69,nM
Fc1ccc(-c2c(-c3ccncc3)c3n(n2)C=CC=C3)cc1,GW434756X,10000,nM
S(=O)(=O)(Nc1c(F)c(-c2c(-c3nc(N)ncc3)sc(C(C)(C)C)n2)ccc1)c1c(F)cccc1F,DABRAFENIB,30000,nM
Clc1c(F)ccc(Nc2ncnc3c2cc(NC(=O)C=C)c(C#CC(C)(C)N2CCN(C)CC2)c3)c1,,30000,nM
S(=O)(=O)(CC)c1cc(-c2c3c(c(C)c(C(=O)NC4CCN(C)CC4)c2)[nH]c2ncc(C)cc32)ccc1,TAK-901,30000,nM
O=C(Nc1ccc(OC(C)C)cc1)N1CCN(c2ncnc3c2cc(OC)c(OCCCN2CCCCC2)c3)CC1,TANDUTINIB,30000,nM
Brc1cc2Nc3ncnc4c3cc(c(OC)c4)OCCCCCN(C)Cc2cc1,JNJ-26483327,6,nM
S(=O)(=O)(Nc1c(OC)ncc(-c2cc3c(-c4cnncc4)ccnc3cc2)c1)c1c(F)cc(F)cc1,OMIPALISIB,30000,nM
Fc1c2C(=O)N(c3ccccc3)C([C@@](Nc3ncnc4[nH]cnc34)CC)=Nc2ccc1,IDELALISIB,30000,nM
Clc1ccc([C@@](NC(=O)C2(N)CCN(c3ncnc4[nH]ccc34)CC2)CCN2CCCCC2)cc1,,6,nM
O=C(Nc1cc(C)cc(C)c1)Nc1ccc(-c2c3c(snc3)ccc2)cc1,,10000,nM
N(Cc1ccc(C)cc1)C1=Nn2c(-c3ccccc3)nnc2C=C1,,10000,nM
Clc1c(C(Oc2c(N)ncc(-c3cn(C4CCNCC4)nc3)c2)C)c(Cl)ccc1F,,10000,nM
Clc1c(OCC)nc(C(=O)NCc2ccc(S(=O)(=O)C)cc2)cc1N,,10000,nM
O(CCN)c1cc(C=Cc2ccncc2)cnc1,,10000,nM
O=C(Nc1cc(CNC=2C(=O)C(=O)C=2Nc2cc3c([nH]nc3)cc2)ccc1)C,,1258.9301,nM
O=C(c1c(N)ccc(-c2cc(OCC(N)Cc3c4c([nH]c3)cccc4)cnc2)c1)c1ccccc1,,6309.5698,nM
Clc1c2c(Nc3ccc(O)cc3)ncnc2sc1,,10000,nM
O=C(Nc1cc(C)cc(C)c1)Nc1cc2c(-c3c4c(N)ncnc4sc3CC2)cc1,,10000,nM
O=C(Nc1nc(c(C#N)c(N)c1)-c1cc2c(cc1)cccc2)C,,10000,nM
Fc1c2[nH]c(C)cc2cc(-c2c3c(N)ncc(C=CC(=O)NC)c3sc2)c1,,10000,nM
O=C(Nc1cc(C)ccc1)Nc1ccc(-c2c3c(N)ncc(-c4cn(C)nc4)c3sc2)cc1,,10000,nM
Fc1c(-c2c(-c3cc4n(C(C)C)nnc4cc3)n3c(OC=C3)n2)ccc(F)c1,,10000,nM
Fc1ccc(-c2c(-c3nc(NCC(CN(C)C)(C)C)ncc3)n3c(OC=C3)n2)cc1,,10000,nM
Clc1cc2sc(NC(=O)c3c(OC)cc(OC)cc3)nc2cc1,,10000,nM
O=C(NC(C)c1cc(OC)ccc1)c1ccc(-c2ncncc2)cc1,,10000,nM
Fc1cc(NC(=O)Nc2ccc(-c3c4c(N)ncc(-c5cn(CCC)nc5)c4sc3)cc2)ccc1,,10000,nM
Brc1cc(NC(=O)Nc2ccc(-c3c4c(N)nccc4sc3)cc2)ccc1,,10000,nM
Clc1ccc(NC(=S)NNC(=O)C(O)(c2ccccc2)c2ccccc2)cc1,,1584.89,nM
FC(F)(F)c1cc(NC(=O)Nc2ccc(-c3c4c(N)nn(C)c4cnc3)cc2)ccc1,,10000,nM
Brc1ccc(C=2C(=Cc3cc(OC)c(OC)cc3)C(=O)ON=2)cc1,,10000,nM
Clc1c(C=2Oc3c(c(O)cc(O)c3C(=O)C=2)C2C(O)CN(C)CC2)cccc1,,10000,nM
O=C(Nc1cc(C)cc(C)c1)Nc1ccc(-c2c(C)sc3ncnc(N)c23)cc1,,10000,nM
O=C(Nc1cc(C)ccc1)Nc1ccc(-c2c3c(N)ncnc3sc2)cc1,,10000,nM
O=C(N)c1c(NC=2n3c(ncc3)C=C(c3cc(OC)c(OC)cc3)N=2)nccc1,,10000,nM
O=C(Nc1cc(C)c(C)cc1)Nc1ccc(-c2c3c(N)ncnc3sc2)cc1,,10000,nM
Fc1c(-c2c(-c3nc(NCC(CO)(C)C)ncc3)n3c(C(OC(C)C)=NC=C3)n2)ccc(F)c1,,10000,nM
Fc1c(C2=Cn3c(N)nnc3C=C2)cc(C)cc1,,10000,nM
S(=O)(=O)(N(Cc1cc2-n3c(C(=O)Nc2cc1)ccc3)C1CC1)C,,79.43,nM
OCCCn1c(c(-c2ccccc2)nc1)-c1ccncc1,,10000,nM
O=C(Nc1cc(C)ccc1)Nc1ccc(-c2c3c(N)ncc(-c4cn(CC(O)C)nc4)c3sc2)cc1,,10000,nM
FC(F)(F)c1cc2nccc(NC(=O)Nc3ncc(C#N)cc3)c2cc1,,10000,nM
S(=O)(=O)(C(C)C)n1c(N)nc2c1cc(-c1c(-c3ccc(F)cc3)nc3SC=Cn13)cc2,,10000,nM
OCCNc1ncc2c(c1)cc(-c1ccncc1)cc2,,10000,nM
O=C(Nc1cc(-c2c(-c3nc(Nc4cc(N5CCOCC5)ccc4)ncc3)n3c(SC=C3)n2)ccc1)Cc1ccccc1,,10000,nM
Fc1c(Nc2ccccc2)nc(Nc2ccccc2)nc1,,10000,nM
O=C1C(=O)C(Nc2ccncc2)=C1NC(C)C1CCCCC1,,10000,nM
Fc1c(NC(=O)Nc2ccc(-c3c(N)c4nccnc4cc3)cc2)cc(C)cc1,,10000,nM
O=C(N1CCOCC1)c1cc(-c2cnc3[nH]ccc3c2)ccc1,,10000,nM
OC(C#Cc1nc(CCCN)cc2n(CC)c(-c3c(N)non3)nc12)(C)C,,30,nM
Clc1c(-c2cc3c(cncc3)cc2)cc(OC[C@@](N)Cc2c3c([nH]c2)cccc3)cn1,,73,nM
S(=O)(=O)(NCCNCCCCCC(=O)N[C@@](C(=O)N[C@@](C(=O)N[C@@](C(=O)N[C@@](C(=O)N[C@@](C(=O)N[C@@](C(=O)N)CCCNC(=N)N)CCCNC(=N)N)CCCNC(=N)N)CCCNC(=N)N)CCCNC(=N)N)CCCNC(=N)N)c1c2c(cncc2)ccc1,,55,nM
NCc1ccc(-n2c(-c3c(N)nccc3)nc3c2ncc(-c2cnccc2)c3)cc1,,10000,nM
S(c1nc(Nc2n[nH]c(C)c2)cc(N2CCN(C)CC2)n1)c1ccc(NC(=O)C2CC2)cc1,TOZASERTIB,10000,nM
Fc1cc(NC(=O)Cc2[nH]nc(Nc3ncnc4c3ccc(OCCCN(CCO)CC)c4)c2)ccc1,AZD-1152-HQPA,10000,nM
O=C(NC/C=C/c1cc2c(Nc3cc(C)c(Oc4cnc(C)cc4)cc3)ncnc2cc1)COC,CP-724714,10000,nM
Clc1c(OCc2cc(F)ccc2)ccc(Nc2ncnc3c2cc(-c2oc(CNCCS(=O)(=O)C)cc2)cc3)c1,LAPATINIB,10000,nM
Brc1cc2c([nH]c3-c4ncccc4NC(=O)Cc23)cc1,AZAKENPAULLONE,10000,nM
N(c1c(-c2cc3c([nH]nc3)cc2)nc2n1C=CC=N2)C1CCCCC1,,3981.0701,nM
Fc1c(-c2c(C3=Nn4c(C(C)C)nnc4C=C3)n3c(OC=C3)n2)ccc(F)c1,,10000,nM
Fc1c(OC=2C(=O)N(C)c3nc(NC4CCOCC4)ncc3C=2)ccc(F)c1,R-1487,10000,nM
O(CC#Cc1scc(-c2n[nH]c-3c2C(=O)c2c-3ccc(CN3CCN(C)CC3)c2)c1)CCOC,,10000,nM
C(n1c(c(-c2cc3c([nH]nc3)cc2)nn1)C1CC1)c1ccccc1,,2511.8899,nM
O=C(Nc1cc(C)ccc1)Nc1ccc(-c2noc3ncnc(N)c23)cc1,,10000,nM
O=C(NC(C)c1cc(OC)ccc1)c1ccc(-c2c(C)cncc2)cc1,,1995.26,nM
O=C(Nc1n(CCCC)c2c(n1)cc(N(C(=O)C1CCCCC1)C)cc2)c1ccc(C#N)cc1,,10000,nM
Ic1c(C2C(C#N)=C(N)Oc3[nH]nc(C)c23)cccc1,,10000,nM
Clc1ccc(Nc2nnc(Cc3ccncc3)c3c2cccc3)cc1,VATALANIB,10000,nM
Brc1c2sc(C(=O)N)c(N)c2c(Cl)cc1,,7943.2798,nM
O=C(N)CCn1c(NC(=O)c2ccc(C#N)cc2)nc2c1ccc(N(C(=O)C1CCCCC1)C)c2,,10000,nM
O=C1N(C)C(NCC(N)Cc2ccccc2)=NC(c2ccncc2)=C1c1cc2c(cc1)cccc2,,10000,nM
FC(F)(F)c1cc(NC(=O)Nc2ccc(-c3cc4[nH]nc(N)c4cc3)cc2)ccc1,,10000,nM
Clc1cc2C(=O)c3c(C)nn(C)c3N(OCC(C)C)c2cc1,,10000,nM
Oc1ccc(Nc2scc(-c3c(C)nc4n3C=CC=C4)n2)cc1,,10000,nM
O=C1Nc2c(Nc3c1cccc3)ccc(C)c2,,10000,nM
Nc1ncnc2c1sc1ncnc(N)c21,,10000,nM
S(=O)(=O)(Nc1ccc(-c2cc3c(N)n[nH]c3cc2)cc1)CC,,10000,nM
O=C(Nc1nc(c(C#N)c(N)c1)-c1ccccc1)C,,10000,nM
Brc1ccc(Oc2c3c(sc(C(=O)N)c3)cnc2)cc1,,10000,nM
O=C(Nc1ccc(NC(=O)c2c3c(N)ncnc3sc2)cc1)Nc1ccc(C)cc1,,10000,nM
Clc1c(Cl)cccc1OCCCc1c(C(=O)O)[nH]c2c(C(=C(C)C)C)cccc12,,10000,nM
O=C(NCc1ccccc1)c1ccc(-c2ccncc2)cc1,,10000,nM
Brc1cc2C(=C3C(=O)NC(=S)S3)C(=O)Nc2cc1,,10000,nM
Fc1c(-c2c(C3=Nn4c(C(O)(C)C)nnc4C=C3)n3c(n2)CCC3)ccc(F)c1,,10000,nM
Nc1n[nH]c2c1cc(-c1nnn(Cc3ccccc3)c1)cc2,,3981.0701,nM
Clc1c(NS(=O)(=O)C)cc2OCCCCCOc3c(C#N)ncc(n3)NC(=O)Nc2c1,,10000,nM
S(=O)(=O)(N)c1cc(Nc2nc(Nc3ccc(OCC(=O)N)cc3)c(C)cn2)ccc1,,7943.2798,nM
S(=O)(=O)(C)c1ccc(-c2c3c(sc(C(=O)N)c3)cnc2)cc1,,10000,nM
Fc1c(F)cccc1-c1nnc2[nH]nc(NC(=O)CCCN(C)C)c2c1,,10000,nM
O=C(CC#N)N1CC(N(C)c2ncnc3[nH]ccc23)C(C)CC1,,7943.2798,nM
O=C(O)CCc1c(C)c(C=C2C(=O)Nc3c2cccc3)[nH]c1C,,10000,nM
O=C(C(OC)c1ccccc1)N1Cc2c(NC(=O)c3ccc(N4CCN(C)CC4)cc3)n[nH]c2C1,,10000,nM
O=C1n2nc(-c3ccncc3)nc2-c2c(scc2)N1,,10000,nM
FC(F)(F)c1cc2nccc(NC(=O)Nc3nccnc3)c2cc1,,10000,nM
Fc1c2nc(N)n(CC(C)C)c2cc(-c2c(-c3ccc(F)cc3)nc3SC=Cn23)c1,,10000,nM
O=C(OCC)C=1C(c2occc2)C(C#N)=C(N)N2C(=O)C(=Cc3occc3)SC=12,,10000,nM
O=C(NCCNC(=O)c1cc2NC(=O)c3c(Nc2cc1)cc(-c1cc(OC)c(O)cc1)cc3)C,,10000,nM
O=C1NCCc2[nH]c(-c3ccncc3)cc12,,10000,nM
Fc1c(NC(=O)Nc2ccc(-c3c4c(N)nn(C)c4cnc3)cc2)cc(C)cc1,,10000,nM
O=C(Nc1n[nH]c2nc3c(cc12)cccc3)c1ccncc1,,10000,nM
O=C1N(CCNCCO)C(=O)c2c3c(c(NCCCC)ccc13)ccc2,,10000,nM
O=C(Nc1cc(C(=NNC(=N)N)C)cc(C(=NNC(=N)N)C)c1)c1cc(C(=O)Nc2cc(C(=NNC(=N)N)C)cc(C(=NNC(=N)N)C)c2)ccc1,,158.49001,nM
Fc1c(NC(=O)Nc2ccc(-c3c4c(N)n[nH]c4ccc3)cc2)cc(CO)cc1,,6309.5698,nM
Fc1c(N2CC(N)CC2)cc2N3C(C)CSC3=C(C(=O)O)C(=O)c2c1,,10000,nM
O=C1N(C)C(NCC(N)Cc2ccccc2)=NC(c2ccncc2)=C1c1cc(C)ccc1,,10000,nM
S(=O)(=O)(NCCOc1cc(-c2cc3c(cncc3)cc2)cnc1)C,,10000,nM
O=C(Nc1nc(c(C#N)c(N)c1)-c1cscc1)C,,10000,nM
Clc1c2nccc(NC(=O)Nc3nc(C(F)(F)F)ccc3)c2ccc1,,10000,nM
FC(F)(F)c1cc(NC(=O)Nc2ccc(C3=Nc4c(N)ncnc4NCC3)cc2)c(F)cc1,,10000,nM
O(C)c1c(O)ccc(C=C2C(=O)NC(=Nc3ccccc3)S2)c1,,10000,nM
O=C(Nc1ccncc1)C1C(c2cc(C)ccc2)(c2cc(C)ccc2)C1,,10000,nM
S(C)c1c(O)c2c(nc1)c1c(cncc1)cc2,,1995.26,nM
Brc1c(N2CC(NC)CC2)nc2NC=C(C(=O)O)C(=O)c2c1C,,10000,nM
OCCCNc1ncnc2[nH]cc(-c3ccccc3)c12,,10000,nM
Fc1c(-c2c(-c3nc(NCC(CO)(C)C)ncc3)n3c(C(C)=NC(C)=C3)n2)ccc(F)c1,,10000,nM
Clc1ccc(C(=O)Nc2cc3c([nH]nc3)cc2)cc1,,10000,nM
Clc1cc(C(=O)c2c(N)ccc(-c3cc(OCC(N)Cc4c5c([nH]c4)cccc5)cnc3)c2)ccc1,,10000,nM
O=C1n2nc(-c3ccccc3)nc2-c2c(sc3c2CCCC3)N1,,10000,nM
O=C(Nc1n(-c2cc(C(=O)NCC#N)ccc2)nc(C(C)(C)C)c1)Nc1c2c(ccc1)cccc2,,10000,nM
O=C(NC(C)c1cc(OC)ccc1)c1ccc(-c2ccncc2)cc1,,10000,nM
FC(F)(F)c1c(F)cc([C@](C(=O)N2CCN(c3ncnc4[C@](O)C[C@@](C)c34)CC2)CNC(C)(C)C)cc1,,3,nM
Brc1c(Nc2ccc(OCC#N)cc2)nc(Nc2cc(S(=O)(=O)N)ccc2)nc1,,251.19,nM
Clc1cc(C(O)CNC2=C(c3[nH]c4c(c(C)cc(N5CCOCC5)c4)n3)C(=O)NC=C2)ccc1,,3981.0701,nM
Clc1cc2c(oc3C(=O)NC=Nc23)cc1,,10000,nM
Fc1c(C(=O)c2c(N)ccc(-c3cc(OCC(N)Cc4c5c([nH]c4)cccc5)cnc3)c2)cccc1,,10000,nM
O=C(N)c1c(-c2nc(Nc3cc(N4CCN(C)CC4)ccc3)ncc2)n2c(n1)C=CC=C2,,10000,nM
O=C(N)c1c2nc(-c3nc(NCCCN4CCN(C)CC4)ccc3)[nH]c2ccc1,,10000,nM
S(=O)(=O)(N(C)c1c(CNc2nc(N)nc3[nH]ccc23)cccc1)C,,10000,nM
N(Cc1ccccc1)c1ncnc(-c2c3c([nH]c2)nccc3)c1,,794.33002,nM
O=C(Nc1n[nH]c2c1cc(-c1nnn(Cc3ccccc3)c1)cc2)c1cc(OC)c(OC)cc1,,1258.9301,nM
O(Cc1ccccc1)c1cc(-c2c3c(N)ncnc3n(C3CCC(N4CCCC4)CC3)c2)ccc1,,10000,nM
Clc1sc2c(N)n[nH]c2n1,,100000,nM
Brc1c(-c2ccc(NC(=O)Cc3cc(Cl)ccc3)cc2)c2c(N)ncnc2s1,,10000,nM
Fc1ccc(-c2c(n(CCCO)cn2)-c2ccncc2)cc1,,10000,nM
Fc1c(C(=O)NC)c(Nc2nc(Nc3c(OC)cc4c(N(C(=O)CN(C)C)CC4)c3)nc3[nH]ccc23)ccc1,,10000,nM
O=C(N[C@@](C(=O)N)CCCNC(=N)N)[C@](NC(=O)CCCCCNC(=O)[C@](NC(=O)CCCCCNC(=O)c1cc(-c2ccncc2)ccc1)CCCCN)CCCNC(=N)N,,900,nM
O=C(N[C@@](C(=O)N)CCCNC(=N)N)[C@](NC(=O)CCCCCNC(=O)[C@](NC(=O)CCCCCNC(=O)c1nnn(-c2ncnc3[nH]cnc23)c1)CCCCN)CCCNC(=N)N,,100000,nM
Clc1c(-c2n(CC)ncc2Cl)cc(C(=O)N[C@](CN)Cc2cc(F)c(F)cc2)s1,,25.120001,nM
FC(F)(F)c1c(CN2CCN(CC)CC2)ccc(NC(=O)Nc2ccc(Oc3ncnc(NC)c3)cc2)c1,AST-487,10000,nM
O=C(Nc1ccc(OC(C)C)cc1)N1CCN(c2ncnc3c2cc(OC)c(OCCCN2CCCCC2)c3)CC1,TANDUTINIB,10000,nM
O(C[C@@]1CNCCC1)c1c2n(CC)c(-c3c(N)non3)nc2c(C#CC(O)(C)C)nc1,GSK-690693,9,nM
Clc1ccc([C@](C(=O)N2CCN(c3ncnc4[C@](O)C[C@@](C)c34)CC2)[C@]2NCCCC2)cc1,,12,nM
Clc1ccc(C(NC(=O)C2(N)CCN(c3ncnc4[nH]ccc34)CC2)CC)cc1,,15,nM
Clc1cc2C(c3ccccc3)=C(C(=O)/C=C/c3[nH]c4c(n3)cc(F)cc4)C(=O)N(C)c2cc1,,1640,nM
Clc1c(C(F)(F)F)cc(NC(=O)Nc2ccc(Oc3cc(C(=O)NC)ncc3)cc2)cc1,SORAFENIB,30000,nM
O=C1N(C2CCN(Cc3ccc(-c4c(-c5ccccc5)nc5c(n4)ccc(-c4n[nH]nn4)c5)cc3)CC2)c2c(N1)cccc2,,1228,nM
S(=O)(=O)(N)c1c(C)ccc(Nc2nc(N(C)c3cc4nn(C)c(C)c4cc3)ccn2)c1,PAZOPANIB,10000,nM
O(C[C@@](N)Cc1c2c([nH]c1)cccc2)c1cc(-c2cc3c(cnc(N)c3)cc2)cnc1,,76,nM
Clc1cc(NC(=O)Nc2sc(CCNc3ncnc4c3scc4)cn2)ccc1,SNS-314,10000,nM
Fc1c(-c2[nH]c3c(c(C(=O)N)ccc3)n2)ccc(C2CNCCC2)c1,,10000,nM
O=C(O)C=1C(=O)c2c(C)nsc2NC=1,,10000,nM
O=C(NC)C=Cc1c2scc(-c3cc4OCOc4cc3)c2c(N)nc1,,7943.2798,nM
O=C1N(c2ccccc2)N=C(c2ccccc2)C1=NNc1c2C(=O)NNC(=O)c2ccc1,,1995.26,nM
Clc1c(OC(C)C)ccc(-c2nc(-c3ccc(NC4CC(C(=O)O)CC4)cc3)on2)c1,,10000,nM
O=C(Nc1c2c([nH]cc2)ncc1)c1ccc([C@](N)C)cc1,Y-39983,30000,nM
O(CCOc1c(OCCOC)cc2ncnc(Nc3cc(C#C)ccc3)c2c1)C,ERLOTINIB,30000,nM
Clc1cc(Nc2nc3c(c4c2ccnc4)ccc(C(=O)O)c3)ccc1,SILMITASERTIB,30000,nM
Clc1c(C=2Oc3c(c(O)cc(O)c3C(=O)C=2)[C@@]2[C@](O)CN(C)CC2)cccc1,ALVOCIDIB,30000,nM
Clc1c(-c2cc(C)c3nc(Nc4ccc(OCCN5CCCC5)cc4)nnc3c2)cc(O)cc1,,30000,nM
Clc1c(NC(=O)c2sc(Nc3nc(C)nc(N4CCN(CCO)CC4)c3)nc2)c(C)ccc1,DASATINIB,30000,nM
S(=O)(=O)(Nc1c(Nc2cc3nsnc3cc2)nc2c(n1)cccc2)c1ccc(C)cc1,PILARALISIB,30000,nM
S(=O)(=O)(C)N1CCN(Cc2sc3c(N4CCOCC4)nc(-c4c5c([nH]nc5)ccc4)nc3c2)CC1,PICTILISIB,30000,nM
Clc1c(C(=O)N2[C@](C)CN(Cc3ccc(F)cc3)[C@@](C)C2)cc2c(C(=O)C(=O)N(C)C)cn(C)c2c1,TALMAPIMOD,30000,nM
Fc1c(Nc2n([C@@]3COCC3)c3nc(NC4CCC(O)CC4)ncc3n2)c(F)cc(F)c1,TANZISERTIB,30000,nM
S(=O)(=O)(N(C)c1c(CNc2c(C(F)(F)F)cnc(Nc3ccc(C(=O)NC)cc3)n2)nccn1)C,DEFACTINIB,30000,nM
FC(F)(F)c1cc(NC(=O)Nc2c(F)cc(-c3c(COC)c(CN4CCOCC4)n4N=CN=C(N)c34)cc2)c(F)cc1,,30000,nM
O=C(Nc1ccc(C)cc1)Nc1ccc(-c2c3c(N)ncc(-c4cn(C(C(=O)NC)C)nc4)c3sc2)cc1,,10000,nM
FC(F)(F)c1cc(NC(=O)Nc2ccc(Oc3cc(C(=O)NC)ncc3)cc2)ccc1,,10000,nM
Clc1c(Cl)ccc2c(NC(=O)Nc3nc(C(F)(F)F)ccc3)ccnc12,,10000,nM
c1(c(-c2ccncc2)c[nH]n1)-c1ccccc1,,10000,nM
Clc1cc(F)c(-c2c(C(=O)N)cc(-c3nc(N)ncc3)[nH]2)cc1,,10000,nM
O=C(Nc1cc(NC(=O)c2ccc(N(C)C)cc2)ccc1)COc1cc2OC=CC(=O)c2cc1,,10000,nM
O=C(Nc1c2c([nH]cc2)ncc1)C1CCC(C(N)C)CC1,,2511.8899,nM
O=C1Nc2c(Nc3c1cccc3)cccc2,,50118.719,nM
O=C(N(C)C)c1n(Cc2ccccc2)nnc1-c1cc2c([nH]nc2)cc1,,10000,nM
O(CCc1cc2NC(=O)c3c(Nc2cc1)cc(-c1cc(OC)c(CC#N)cc1)cc3)c1ccc(N2CCOCC2)cc1,,10000,nM
O=C1NCc2c3c(n(CCC#N)c4c3cccc4)c3n(C)c4c(c3c12)cccc4,GO-6976,10000,nM
Clc1c2oc(Nc3ccc(-c4nn(C5CCC(OCCOC)CC5)c5ncnc(N)c45)cc3)nc2cc(C)c1,,10000,nM
FC(F)(F)c1c(F)ccc(NC(=O)Nc2ccc(-c3c4c(snc4)ccc3)cc2)c1,,10000,nM
O=C(Nc1c(C)cc(-c2c3c(C(=O)NC3)ccc2)cc1)Nc1cc(C)ccc1,,10000,nM
O=C(NCC1CCCCC1)c1sc2[nH]nc(-c3ccccc3)c2c1,,10000,nM
O(CC(O)CO)c1c(OC)cc(-c2cc3Nc4c(NC(=O)c3cc2)cc(CCOc2ccc(N3CCOCC3)cc2)cc4)cc1,,10000,nM
O=C(Nc1cc(Nc2nc(-c3cnccc3)ccn2)c(C)cc1)c1ccc(CN2CCN(C)CC2)cc1,IMATINIB,10000,nM
S(=O)(=O)(N)c1cc(Nc2nc3n(-c4ccccc4)ccc3cn2)ccc1,,10000,nM
O=C(Nc1ccc(-c2c(C(=O)OC)c(C)n3N=CN=C(N)c23)cc1)Nc1ccccc1,,10000,nM
O=C(N(CCOC)C)c1n(Cc2ccccc2)nnc1-c1cc2c([nH]nc2)cc1,,10000,nM
Clc1c(Cl)ccc2sc(C(=O)N)c(NC(=O)c3ccc(C)cc3)c12,,10000,nM
Fc1ccc(-c2c(-c3nc(NCC(CN(C)C)(C)C)ncc3)n3c(n2)C=NC=C3)cc1,,10000,nM
O=C(N)c1c2ncccc2cc(-c2cc(N)ccc2)c1,,10000,nM
O=C(N[C@@](C(=O)N)CCCNC(=N)N)[C@](NC(=O)CCCCCNC(=O)[C@](NC(=O)CCCCCNC(=O)c1cc(-c2nc(N)ncc2)ccc1)CCCCN)CCCNC(=N)N,,4600,nM
O=C(N[C@@](C(=O)N)CCCNC(=N)N)[C@](NC(=O)CCCCCNC(=O)[C@](NC(=O)CCCCCNC(=O)c1ccc(C(=O)N)cc1)CCCCN)CCCNC(=N)N,,100000,nM
N(c1nc(-c2c3c([nH]c2)nccc3)ccn1)C1C(N)CCCC1,,501.19,nM
S(=O)(=O)(Nc1cc2nc(C)c(C)nc2cc1)c1ccc(N)cc1,,5011.8701,nM
S(C)c1c2c(NCCCO)ncnc2[nH]c1,,10000,nM
FC(F)(F)c1cc(NC(=O)Nc2ccc(-c3c4c(N)ncnc4sc3)cc2)c(F)cc1,,10000,nM
Clc1c2Sc3c(N(C(=O)c4ccc(OC)cc4)c2cnc1)cccc3,,10000,nM
FC(F)(F)c1[nH]c(-c2nccc(Oc3cc4nc(Nc5ccc(C(F)(F)F)cc5)n(C)c4cc3)c2)nc1,RAF-265,10000,nM
Fc1c(F)cccc1-c1cc2c(NC(=O)CCC)n[nH]c2cc1,,10000,nM
Clc1cc2C(=O)c3c(C(F)(F)F)nn(C)c3N(O)c2cc1,,10000,nM
O(C)c1c(OC)cc2c(c3C(=O)NC(=O)c3nc2)c1,,10000,nM
Clc1ccc([C@@](NC(=O)C2(N)CCN(c3nc[nH]c-4nccc3-4)CC2)CCO)cc1,CAPIVASERTIB,8,nM
Clc1ccc(C(NC(=O)C2(N)CCN(c3ncnc4[nH]ccc34)CC2)CO)cc1,,40,nM
O=C(Nc1nc(OCC)c(C#N)c(N)c1)C,,10000,nM
Fc1c(F)cccc1C(=O)Nc1cnc2[nH]cc(-c3ccccc3)c2c1,,10000,nM
Fc1cc(C(=O)NCc2ccc(-n3c(-c4c(N)nccc4)nc4c3nc(-c3cc(NC(=O)C)ccc3)cc4)cc2)ccc1,,170,nM
Clc1ccc([C@](C(=O)N2CCN(c3ncnc4[C@](O)C[C@@](C)c34)CC2)CNCC(F)(F)F)cc1,,798,nM
Clc1ccc([C@](C(=O)N2CCN(c3ncnc4[C@](O)C[C@@](C)c34)CC2)CN)cc1,,45,nM
S(=O)(=O)(C)c1c(OC)cc(CC(=O)Nc2nc(OCC)c(C#N)c(N)c2)c(OC)c1,,9500,nM
O=C1NCc2c3c4n([C@]5(C)[C@](OC)[C@](NC)C[C@@](O5)n5c4c(c4c5cccc4)c12)c1c3cccc1,STAUROSPORINE,170,nM
Clc1ccc([C@](C(=O)N2CCN(c3ncnc4[C@](O)C[C@@](C)c34)CC2)[C@]2NCCC2)cc1,,5,nM
Clc1ccc([C@](C(=O)N2CCN(c3ncnc4[C@](O)C[C@@](C)c34)CC2)CNCCOC)cc1,,13,nM
Clc1ccc([C@](C(=O)N2CCN(c3ncnc4[C@@](F)C[C@@](C)c34)CC2)CNC(C)C)cc1,,23,nM
Clc1ccc([C@](C(=O)N2CCN(c3ncnc4c3C(C)(C)CC4)CC2)CNC(C)C)cc1,,2000,nM
O(CCOc1c(OCCOC)cc2ncnc(Nc3cc(C#C)ccc3)c2c1)C,ERLOTINIB,10000,nM
N(c1nc(C=Cc2ccccc2)nc(N2CCN(C)CC2)c1)c1n[nH]c(C)c1,,10000,nM
O=C(Nc1cc(C)ccc1)Nc1cc2c(-c3c4c(N)ncnc4sc3CC2)cc1,,10000,nM
Clc1ccc(-c2c(O)c(CNC(=O)C(F)(F)F)cc(Nc3nc(N)ncn3)c2)cc1,,3981.0701,nM
ClC1=C(Nc2ccccc2)C(=O)NC1=O,,25118.859,nM
O(C)c1c(Oc2ccccc2)ccc(Nc2ncnc3c2cc(-c2ccc(CN4CC5C(CO)C5C4)cc2)cc3)c1,,10000,nM
O=C(NC1CCCCC1)c1cc(OC)c(Nc2nc3N(C(CC)C(=O)N(C)c3cn2)C2CCCC2)cc1,,10000,nM
OC(C#Cc1nc(CN)cc2n(CC)c(-c3c(N)non3)nc12)(C)C,,70,nM
O=C(Nc1cnc2[nH]cc(-c3ccccc3)c2c1)c1cc(OC)ccc1,,10000,nM
O=C(Nc1n[nH]cn1)c1cc2c(C)c(C)n(Cc3ccccc3)c2cc1,,6309.5698,nM
O=C1C(=O)C(Nc2ccncc2)=C1NCc1cc(C)c(C)cc1,,10000,nM
O(C)c1cc2C(=Cc3nc[nH]c3)C(=O)Nc2cc1,,10000,nM
Fc1ccc(NC=2C(NCCCC)=NS(=O)N=2)cc1,,10000,nM
O=C(Nc1ccc(C)cc1)Nc1ccc(-c2c3c(N)ncnc3oc2)cc1,,10000,nM
Fc1c(C(=O)Nc2cnc3[nH]cc(-c4ccccc4)c3c2)c(F)ccc1,,10000,nM
S(c1nc(Nc2n[nH]c(C)c2)cc(N2CCN(C)CC2)n1)c1ccc(NC(=O)C2CC2)cc1,TOZASERTIB,10000,nM
Clc1c(-c2n(C)ncc2)cc(C(=O)N[C@](CN)Cc2cc(F)ccc2)s1,,25.120001,nM
Brc1c(n(C)nc1)-c1c(Cl)sc(C(=O)N[C@](CN)Cc2cc(F)ccc2)c1,,25.120001,nM
Brc1c(n(C)nc1)-c1c(Cl)sc(C(=O)N[C@](CN)Cc2cc(C(F)(F)F)ccc2)c1,,25.120001,nM
Brc1c(n(C)nc1)-c1c(Cl)sc(C(=O)N[C@](CN)Cc2ccc(F)cc2)c1,,25.120001,nM
O=C(Nc1cc2NCC(C)(C)c2cc1)c1c(NCc2ccncc2)nccc1,MOTESANIB,10000,nM
O=C1N2C(=NN1)c1c(nc(c(-c3ccccc3)c1)-c1ccc(C3(N)CCC3)cc1)C=C2,MK-2206,65,nM
Fc1cc(F)cc(NC(=O)Nc2ccc(-c3c4c(N)noc4c(OC)cc3)cc2)c1,,10000,nM
S(Cc1ccccc1)c1[nH]nc(-c2ccncc2)n1,,10000,nM
O=C(NC(C)c1cc(OC)ccc1)c1sc(-c2ccncc2)nc1,,7943.2798,nM
Fc1c(NC(=O)Nc2ccc(-c3nsc4ncnc(N)c34)cc2)cc(C)cc1,,10000,nM
O=C(Nc1cc(C)cc(C)c1)Nc1ccc(-c2c3c(N)nsc3ccc2)cc1,,10000,nM
Fc1c(-c2c(-c3nc(NCCC(O)(C)C)ncc3)n3c(C(C)=NC=C3)n2)ccc(F)c1,,10000,nM
O(C)c1cc(Nc2ncnc3c2cccc3)ccc1,,10000,nM
O=C1Nc2c(Nc3c1cc(C)cc3)cccc2,,50118.719,nM
O=C(Nc1ccc(OC(C)C)cc1)N1CCN(c2ncnc3c2cc(OC)c(OCCCN2CCCCC2)c3)CC1,TANDUTINIB,10000,nM
O=C(Nc1cc(C=Cc2ccncc2)cnc1)C(N)Cc1c2c([nH]c1)cccc2,,398.10999,nM
FC(F)(F)c1cc(C(F)(F)F)cc(-c2c3c(sc(C(=O)N)c3)cnc2)c1,,10000,nM
O=C(Nc1c(C)cccc1)Nc1ccc(NC(=O)c2c3c(N)ncnc3sc2)cc1,,10000,nM
Clc1c(OCc2cc(F)ccc2)ccc(Nc2ncnc3c2cc(-c2oc(CNCCS(=O)(=O)C)cc2)cc3)c1,LAPATINIB,10000,nM
O=C(O)c1c(Nc2nc(Nc3cc(O)ccc3)ncc2)cccc1,,10000,nM
O(C[C@@]1CNCCC1)c1c2n(CC)c(-c3c(N)non3)nc2c(C#CC(O)(C)C)nc1,GSK-690693,9,nM
Brc1ccc(/C=C/CNCCNS(=O)(=O)c2c3c(cncc3)ccc2)cc1,,200,nM
O=C(NC(C)c1cc(OC)ccc1)c1sc(c(C)c1)-c1cc2c(C)n[nH]c2cc1,,10000,nM
Fc1c(Nc2nc3NC(=O)C(C)(C)Oc3cc2)nc(Nc2cc(OC)c(OC)c(OC)c2)nc1,R-406,10000,nM
S(=O)(=O)(N)c1c(CNC(=O)c2nc(OCC)c(C#N)c(N)c2)cccc1,,10000,nM
O=C1N(C2CCN(Cc3ccc(C4=C(c5ccccc5)N=C(Cc5ccc(O)cc5)C(=O)N4)cc3)CC2)c2c(N1)cccc2,,50000,nM
Clc1c(CCNC(=O)c2sc(-c3nc(NC)ncc3)cc2)cccc1,,2900,nM
Clc1c(C[C@](NC(=O)c2sc(-c3nc(NC)ncc3)cc2)CO)ccc(Cl)c1,,280,nM
O=C(OCC)c1cc2c([nH]c3C(=O)NCCc23)cc1,,10000,nM
O=C(NC(CO)c1ccccc1)N1CC=C(c2c3c([nH]c2)nccc3)CC1,,6309.5698,nM
O=C1C(=O)C(Nc2nc(Nc3cc(C)ccc3)ncc2)=C1NC(C(C)(C)C)C,,10000,nM
O=C(Nc1cc(C)cc(C)c1)Nc1ccc(NC(=O)c2c3c(N)ncnc3sc2)cc1,,10000,nM
Oc1n(C2CCN(Cc3ccc(-c4c(-c5ccccc5)nc(O)c(CC(C)C)n4)cc3)CC2)c2c(n1)cccc2,,50000,nM
O(C[C@](N)c1ccccc1)c1nc(C#CC(O)(C)C)c2nc(n(CC)c2c1)-c1c(N)non1,GSK-943949A,17,nM
NCCn1c2c(c(-c3cc(-c4sc5c(c4)cccc5)c4[nH]ncc4c3)c1)nc(N)nc2,,1100,nM
O=C1NCc2c3c4n([C@]5(C)[C@](OC)[C@](NC)C[C@@](O5)n5c4c(c4c5cccc4)c12)c1c3cccc1,STAUROSPORINE,10,nM
S(=O)(=O)(N1CCN(CCCCCCCC(=O)N[C@@](C(=O)NCCCCCC(=O)N[C@@](C(=O)N[C@@](C(=O)N)CCCNC(=N)N)CCCNC(=N)N)CCCCN)CCC1)c1c2c(cncc2)ccc1,,7100,nM
FC(F)(F)c1cc(NC(=O)Nc2ccc(-c3c4c(N)ncnc4oc3)cc2)c(F)cc1,GW770249X,17378.01,nM
Clc1ccc([C@](C(=O)N2CCN(c3ncnc4[C@](O)C[C@@](C)c34)CC2)CNCCF)cc1,,21,nM
Brc1cnc2n(c(-c3c(N)nccc3)nc2c1)-c1ccc(CNC(=O)c2ccccc2)cc1,,10000,nM
O(CC1CCNCC1)c1c2n(CC)c(-c3c(N)non3)nc2cnc1,,380,nM
Oc1cc(Nc2c3c([nH]c4c3cccc4)ncc2)ccc1,,10000,nM
O=C(NCCc1ccc(OC)cc1)c1sc(-c2nc(NC)ncc2)cc1,,25000,nM
Clc1c(CCNC(=O)c2sc(-c3nc(NCCC)ncc3)cc2)ccc(Cl)c1,,25000,nM
Clc1c(CCNS(=O)(=O)c2sc(-c3nc(NC)ncc3)cc2)ccc(Cl)c1,,25000,nM
O=C(O)c1n(CCCOc2c3c(ccc2)cccc3)c2c(c1-c1c(C)cccc1)cccc2,,10000,nM
c1(-c2cc3c([nH]nc3)cc2)nc2n(c1)C=CC=N2,,10000,nM
C(c1noc(-c2cc3c([nH]nc3)cc2)c1)c1ccccc1,,10000,nM
O=C1NCc2c3c4n([C@]5(C)[C@@](O)(CO)C[C@@](O5)n5c4c(c4c5cccc4)c12)c1c3cccc1,LESTAURTINIB,6200,nM
O(C[C@]1CNCCC1)c1c2n(CC)c(-c3c(N)non3)nc2c(C#CC(O)(C)C)nc1,,9,nM
Fc1cc(Oc2c3c(sc(C(=O)N)c3)cnc2)ccc1,,10000,nM
O(CCCC)c1ncnc2[nH]cc(-c3ccccc3)c12,,10000,nM
FC(F)(F)c1cc2c(NC(=O)Nc3nccnc3)ccnc2cc1,,10000,nM
O=C(Nc1ccccc1)Nc1ccccc1,DIPHENYLUREA,63095.73,nM
O(C)c1cc(C=C2C(=O)NC(=Nc3ccccc3)S2)ccc1,,10000,nM
S(=O)(=O)(NCCNCCCCCCCC(=O)N[C@@](C(=O)NCCCCCC(=O)N[C@@](C(=O)N[C@@](C(=O)N[C@@](C(=O)N[C@@](C(=O)N[C@@](C(=O)N[C@@](C(=O)N[C@@](C(=O)N)CCCCNC(=O)Cc1cc2C(C)(C)C=3N(c2cc1)CCC1OC2C(C=4C(C)(C)c5c([N+]=4CC2)ccc(S(=O)(O)=C)c5)=CC=31)CCCNC(=N)N)CCCNC(=N)N)CCCNC(=N)N)CCCNC(=N)N)CCCNC(=N)N)CCCNC(=N)N)CCCNC(=N)N)c1c2c(cncc2)ccc1,,16,nM
S(=O)(=O)(N1CCN(CCCCCCCC(=O)N[C@@](C(=O)NCCCCCC(=O)N[C@@](C(=O)N[C@@](C(=O)N)CCCNC(=N)N)CCCNC(=N)N)CCCCN)CCC1)c1c2c(cncc2)ccc1,,9120.1104,nM
O=C(Nc1cc(C)ccc1)Nc1ccc(C2=C(N)n3ncc(-c4cn(C)nc4)c3N=C2)cc1,,10000,nM
O=C(NCc1cnccc1)c1nc(OCC)c(C#N)c(N)c1,,10000,nM
S(=O)(=O)(N(C)C)c1c(-c2cc3Nc4c(NC(=O)c3cc2)cccc4)cccc1,,10000,nM
O(c1cc(C=Cc2ccncc2)cnc1)C1CNCC1,,10000,nM
N(c1nc(-c2c(C)nc(N)s2)ccn1)c1ccc(N2CCOCC2)cc1,CYC-116,10000,nM
Clc1c(Nc2c(C(=O)NC)cccc2)nc(Nc2c(OC)cc(N3CCOCC3)cc2)nc1,,10000,nM
Clc1c(-c2c(-c3[nH]c(C)cn3)cnc(NCCNc3ncc(C#N)cc3)n2)ccc(Cl)c1,LADUVIGLUSIB,10000,nM
S(Cc1nc2n(c1)C=CC=C2)c1n2-c3c(C(C)=Cc2nn1)cccc3,,10000,nM
O=C1n2nc(-c3ccncc3)nc2-c2c(sc3c2CCCC3)N1,,10000,nM
Nc1ncc(C=Cc2[nH]c3c(n2)cccc3)c2scc(-c3ccc(N)cc3)c12,,10000,nM
FC(F)(F)c1cc(NC(=O)Nc2c3c(ncc2)cc(OC)cc3)ncc1,,10000,nM
OCC(Nc1nc(NCc2ccccc2)c2ncn(C(C)C)c2n1)CC,(RS)-ROSCOVITINE,10000,nM
Clc1c(CNC=2C(=O)C(=O)C=2Nc2cc3c([nH]nc3)cc2)ccc(Cl)c1,,10000,nM
O=[N+]([O-])c1cc(C(=O)Nc2n(CCCO)c3c(n2)cc(OC(=O)C(C)(C)C)cc3)ccc1,,10000,nM
Clc1ccc(C(=O)Nc2cc3[nH]ncc3cc2)cc1,,10000,nM
Fc1ccc(-c2c(-c3nc(NCC(CO)(C)C)ncc3)n3c(C(NC)=NC=C3)n2)cc1,,10000,nM
Fc1ccc(-c2c(-c3nc(NCC(CO)(C)C)ncc3)n3c(C(C)=NC=C3)n2)cc1,,10000,nM
Brc1c2sc3C(=O)OC(C)=Nc3c2c(Cl)cc1,,10000,nM
FC(F)(F)c1ccc(Oc2c3c(sc(-c4oc(C)nn4)c3)cnc2)cc1,,10000,nM
Clc1c(OCC(O)CO)cc2OCCCCCOc3c(C#N)ncc(n3)NC(=O)Nc2c1,,10000,nM
N(C(C)C)c1n[nH]c2c1cc(N)cc2,,25118.859,nM
O=C(N)c1sc2c(c(-c3ccccc3)cnc2)c1,,6309.5698,nM
Oc1cc(-c2nc(N3CCOCC3)c3oc4ncccc4c3n2)ccc1,PI-103,10000,nM
Clc1c(C=Cc2ccncc2)cc(OCC(N)C)cn1,,10000,nM
Clc1cc2C(c3c(F)cccc3F)=NCc3c(nc(Nc4ccc(C(=O)O)cc4)nc3)-c2cc1,MLN-8054,10000,nM
Clc1cc(C)c(NC(=S)NNC(=O)C(O)(c2ccccc2)c2ccccc2)cc1,,251.19,nM
Fc1ccc(-c2c3c(sc(C(=O)N)c3)cnc2)cc1,,10000,nM
Clc1c2c(Nc3ccccc3)ncnc2sc1,,10000,nM
Clc1c2[nH]nc(N)c2ccc1,,100000,nM
Brc1c(-c2c3c([nH]cc3)ncc2)sc(C(=O)NC(CN)Cc2ccccc2)c1,,3,nM
O(C[C@@](N)Cc1c(C#N)[nH]c2c1cccc2)c1c(N)nc(c(-c2nc3c(C)n[nH]c3nc2)c1)-c1c(C)occ1,,1,nM
Fc1cc(NC(=O)Nc2ccc(-c3c4c(N)ncc(-c5cn(C)nc5)c4sc3)cc2)ccc1,,10000,nM
O=C(Nc1nocc1)c1cc(Nc2ncnc3n(-c4ccccc4)ncc23)c(C)cc1,,10000,nM
C(n1nnc2c1cccc2)c1nnn(-c2cc3c([nH]nc3)cc2)c1,,10000,nM
Fc1c(OC2=NC=Nn3c2c(C)c(OC[C@](O)C)c3)ccc2[nH]c(C)cc12,BRIVANIB,10000,nM
O=C(N1C[C@](N)CC1)c1c2n(CC)c(-c3c(N)non3)nc2cnc1,,1290,nM
Fc1cc2/C(=C/c3c(C)c(C(=O)NC[C@](O)CN4CCOCC4)c(C)[nH]3)/C(=O)Nc2cc1,SU-014813,10000,nM
O=C(Nc1n(-c2ccc(C)cc2)nc(C(C)(C)C)c1)Nc1c2c(c(OCCN3CCOCC3)cc1)cccc2,DORAMAPIMOD,30000,nM
O(CCOc1c(OCCOC)cc2ncnc(Nc3cc(C#C)ccc3)c2c1)C,ERLOTINIB,10000,nM
O=C(NCCNC)c1c2n(CC)c(-c3c(N)non3)nc2cnc1,GW876790X,1410,nM
Clc1c(CCCO)cc2OCCCCCOc3c(C#N)ncc(n3)NC(=O)Nc2c1,,10000,nM
O(CCOC1CCC(n2nc(-c3ccc(Nc4oc5c(C)cc(C)cc5n4)cc3)c3c(N)ncnc23)CC1)C,,10000,nM
O=C(CO)N1CC(N(C)c2ncnc3[nH]ccc23)C(C)CC1,,10000,nM
O=C(Nc1nccnc1)Nc1c2c(ncc1)cccc2,,10000,nM
Clc1c(C=2Oc3c(c(O)cc(O)c3C(=O)C=2)C2C(O)CN(C)CC2)cccc1,,10000,nM
O(C)c1c(O)cc(C=C2C(=O)NC(=Nc3ccccc3)S2)cc1,,10000,nM
FC(F)(F)Oc1ccc(-c2cc3c(C4=CCNCC4)c[nH]c3cc2)cc1,,10000,nM
Clc1c(CCNCc2sc(-c3nc(NC)ncc3)cc2)ccc(Cl)c1,,5200,nM
Fc1cc(CN2C(=O)/C(=N\O)/c3c2cc(C)cc3)c2OCOCc2c1,,30000,nM
O(C[C@@](N)Cc1c2c([nH]c1)cccc2)c1c(C)nc(c(-c2nc3c(C)n[nH]c3nc2)c1)-c1cocc1,,10,nM
OC(C)(C)c1ccc(-c2c(CC)c3nccnc3[nH]2)cc1,,10000,nM
O=C1N(C2CCN(Cc3ccc(C4=C(c5ccccc5)N=C(C)C(=O)N4)cc3)CC2)c2c(N1)cccc2,,33100,nM
O=C1N(C2CCN(Cc3ccc(-c4c(-c5ccccc5)nc5c(n4)cc(-c4n[nH]nn4)cc5)cc3)CC2)c2c(N1)cccc2,,1613,nM
Clc1c(OCc2ncccc2)ccc(Nc2c(C#N)cnc3c2cc(NC(=O)/C=C/CN(C)C)c(OCC)c3)c1,NERATINIB,30000,nM
O(c1c(C)cc(Nc2ncnc3c2cc(NC=2OCC(C)(C)N=2)cc3)cc1)C1=Cc2n(ncn2)C=C1,TUCATINIB,30000,nM
FC(F)(F)C(C)(C)c1nccc(-c2c(C)nc(NC(=O)N3[C@](C(=O)N)CCC3)s2)c1,ALPELISIB,30000,nM
O=C1N(C2CCN(Cc3ccc(-c4c(-c5ccccc5)nc5c(n4)cc4[nH]cnc4c5)cc3)CC2)c2c(N1)cccc2,,2200,nM
O=C(NCCc1ccc(C)cc1)c1sc(-c2nc(NC)ncc2)cc1,,25000,nM
Brc1ccc(CCNC(=O)c2sc(-c3nc(NC)ncc3)cc2)cc1,,2600,nM
O=C1NCc2c3c4n([C@]5(C)[C@](OC)[C@](NC)C[C@@](O5)n5c4c(c4c5cccc4)c12)c1c3cccc1,STAUROSPORINE,0.63999999,nM
O(C[C@@](N)c1ccccc1)c1nc(C#CC(O)(C)C)c2nc(n(CC)c2c1)-c1c(N)non1,GSK-938890A,49,nM
O=C1N(C2CCN(Cc3ccc(-c4c(-c5ccccc5)nc5c(n4)cc4[nH]cnc4c5)cc3)CC2)c2c(N1)cccc2,,2200,nM
O(C[C@@](N)Cc1ccccc1)c1cc(-c2cc3c(C)n[nH]c3cc2)cnc1,,180,nM
Brc1ccc(/C=C/CNCCNS(=O)(=O)c2c3c(cncc3)ccc2)cc1,,662,nM
O=C(N)CCCCCNC(=O)[C@@]1[C@@](O)[C@@](O)[C@](n2c3ncnc(N)c3nc2)O1,,1000000,nM
O=C1N(C2CCN(Cc3ccc(-c4c(-c5ccccc5)nc5c(n4)cc4c([nH]nc4)c5)cc3)CC2)c2c(N1)cccc2,,2400,nM
Clc1c(Cl)ccc(COc2ccc(CN3CC(C(=O)O)C3)cc2)c1,,10000,nM
F[B-]1(F)[N+]2=C(CCC(=O)NCCOCCOCCOCCN[C@]3[C@@](OC)[C@]4(C)O[C@@](n5c6c7n4c4c(c7c7c(C(=O)NC7)c6c6c5cccc6)cccc4)C3)C=CC2=Cc2c(C)cc(C)n12,,749,nM
O=C(CC#N)N1C[C@](N(C)c2ncnc3[nH]ccc23)[C@](C)CC1,TOFACITINIB,10000,nM
Fc1cc2/C(=C/c3c(C)c(C(=O)NC[C@](O)CN4CCOCC4)c(C)[nH]3)/C(=O)Nc2cc1,SU-014813,10000,nM
Clc1ccc(C(NC(=O)C2(N)CCN(c3ncnc4[nH]ccc34)CC2)CCOC)cc1,,100,nM
Clc1ccc(C(NC(=O)C2(N)CCN(c3ncnc4[nH]ccc34)CC2)CCNS(=O)(=O)C)cc1,,30,nM
Clc1ccc(C(NC(=O)C2(N)CCN(c3ncnc4[nH]ccc34)CC2)CCCN2CCCCC2)cc1,,10,nM
O=C(NC(C)c1cc(OC)c(OC)cc1)C1(N)CCN(c2ncnc3[nH]ccc23)CC1,,2893,nM
S(=O)(=O)(C)c1ccc(C(NC(=O)C2(N)CCN(c3ncnc4[nH]ccc34)CC2)C)cc1,,756,nM
Clc1ccc([C@@](NC(=O)C2(N)CCN(c3ncnc4[nH]ccc34)CC2)C)cc1,,16,nM
Clc1ccc([C@](C(=O)N2CCN(c3ncnc4[C@](O)C[C@@](C)c34)CC2)CN(C(C)C)C)cc1,,28,nM
Clc1ccc([C@](C(=O)N2CCN(c3ncnc4[C@](O)C[C@@](C)c34)CC2)CNC2CCCCC2)cc1,,7,nM
Oc1n(C2CCN(Cc3ccc(-c4c(-c5ccccc5)nc5c(n4)cc(-c4nn(C)nn4)cc5)cc3)CC2)c2c(n1)cccc2,,50000,nM
O=C(Nc1nc(OCC)c(C#N)c(N)c1)C,,9500,nM
S(=O)(=O)(C)c1c(OC)cc(CC(=O)Nc2nc(OC(C)C)c(C#N)c(N)c2)c(OC)c1,,9500,nM
O=C(Nc1c(N(CCN(C)C)C)cc(OC)c(Nc2nc(-c3c4c(n(C)c3)cccc4)ccn2)c1)C=C,OSIMERTINIB,30000,nM
P(=O)(O[C@]1[C@](OC)C[C@](C[C@@](C)[C@]2OC(=O)[C@]3N(C(=O)C(=O)[C@@]4(O)[C@](C)CC[C@](O4)C[C@](OC)/C(/C)=C/C=C/C=C/[C@@](C)C[C@@](C)C(=O)[C@](OC)[C@](O)/C(/C)=C/[C@@](C)C(=O)C2)CCCC3)CC1)(C)C,RIDAFOROLIMUS,30000,nM
S(c1n2N=C(c3cn(C)nc3)C=Cc2nn1)c1cc2c(nccc2)cc1,SGX-523,30000,nM
N#CC[C@@](n1ncc(-c2ncnc3[nH]ccc23)c1)C1CCCC1,RUXOLITINIB,30000,nM
Clc1c(F)c(Nc2ncnc3c2cc(OC)c(OCC2C[C@@]4[C@@](CN(C)C4)C2)c3)ccc1Cl,TESEVATINIB,30000,nM
O=C(N)c1cc2c(-c3c(-c4nc(C)ccc4)nn4c3CCC4)ccnc2cc1,GALUNISERTIB,30000,nM
Clc1c(Nc2[nH]nc(C)c2)nc(N[C@@](C)c2ncc(F)cn2)nc1,AZD-1480,30000,nM
O=C1N(C2CCN(Cc3ccc(-c4c(-c5ccccc5)cc(-c5[nH]nnn5)cn4)cc3)CC2)c2c(N1)cccc2,,50000,nM
Clc1c(C[C@](NC(=O)c2sc(-c3nc(NC)ncc3)cc2)CCN)ccc(Cl)c1,,27,nM
Brc1c(-c2c3c([nH]cc3)ncc2)sc(C(=O)N[C@](CN)CC2CCCCC2)c1,,3,nM
Clc1cc2C(c3ccc(F)cc3)=C(C(=O)/C=C/c3[nH]c4c(n3)cc(F)c(F)c4)C(=O)Nc2cc1,,1640,nM
Clc1cc2C(c3ccccc3)=C(C(=O)/C=C/c3[nH]c4c(n3)cc(C)cc4)C(=O)Nc2cc1,,1640,nM
Fc1cc(NC(=O)Cc2[nH]nc(Nc3ncnc4c3ccc(OCCCN(CCO)CC)c4)c2)ccc1,AZD-1152-HQPA,10000,nM
Fc1cc(NC(=O)Nc2ccc(-c3c4c(N)nccc4sc3)cc2)ccc1,,10000,nM
Brc1nc(NC(=O)Nc2c3c(ncc2)cc(OC)cc3)ccc1,,10000,nM
O=C(O)c1c(CCCOc2c3c(ccc2)cccc3)c2c(c(-c3c(C)n(C)nc3C)ccc2)[nH]1,,10000,nM
O=C(Nc1ccncc1)C1CCC(C(N)C)CC1,,10000,nM
S(C)c1c(CNc2nc(NCC3CCC(CN)CC3)c([N+](=O)[O-])cn2)cccc1,,10000,nM
Fc1c(-c2cc(OC)c(C(=O)NC(C)c3cc(OC)ccc3)cc2)ccnc1,,7943.2798,nM
Fc1c(-c2nccc(-c3[nH]c4c(C(=O)NCC4)c3)c2)cccc1,,10000,nM
O=[N+]([O-])c1cc2NC(=O)c3c(Nc2cc1)cc(-c1cc(OC)c(O)cc1)cc3,,5011.8701,nM
O(CC(N)Cc1ccccc1)c1cc(-c2cc3c(C)n[nH]c3cc2)cnc1,,79.43,nM
Brc1ccc(-c2c3c(N)ncc(C=CC(=O)NCCCn4cncc4)c3sc2)cc1,,10000,nM
O(C)c1c(O)ccc(C=C(C#N)c2c(C#N)c(N)[nH]n2)c1,,10000,nM
Fc1ccc(-c2c(n(C3CCNCC3)cn2)-c2nc(OC)ncc2)cc1,SB-242235,10000,nM
Fc1cc(NC(=O)Nc2ccc(-c3c4c(N)ncc(-c5cn(C(C(=O)N)(C)C)nc5)c4sc3)cc2)ccc1,,10000,nM
Fc1c(C(=O)Nc2cc(-c3c(-c4nc(Nc5cc(N6C(=O)CCC6)ccc5)ncc4)n4c(SC=C4)n3)ccc2)c(F)ccc1,,10000,nM
Clc1c(F)ccc(Nc2ncnc3c2cc(OCCCN2CCOCC2)c(OC)c3)c1,GEFITINIB,10000,nM
Fc1cc(-c2c3c(sc(C(=O)N)c3)cnc2)ccc1,,7943.2798,nM
O=C(NC(C)c1cc(OC)ccc1)c1ccc(-c2ccncc2)cc1,,10000,nM
O=C(Nc1cc(C)ccc1)Nc1ccc(-c2c3c(N)n[nH]c3ccc2)cc1,,7943.2798,nM
O=CC=1C(C)=C(C#N)c2n(C=1O)c1c(n2)cccc1,,10000,nM
O=[N+]([O-])c1sc(NC(=O)NCc2ccc(OC)cc2)nc1,,10000,nM
O=C(NC1CCN(C)CC1)c1cc(OC)c(Nc2nc3N(N(CC)C(=O)N(C)c3cn2)C2CCCC2)cc1,,10000,nM
O=C(Nc1cc(C)ccc1)Nc1ccc(-c2c3c(C(=O)NC3)ccc2)cc1,,10000,nM
O=C(Nc1ccccc1)c1n[nH]c2c1cc(-c1cc(OC)c(O)cc1)cc2,,10000,nM
FC(F)(F)c1cc(NC(=O)Nc2ccc(C3=Nc4c(N)ncnc4NCC3)cc2)ccc1,,10000,nM
O=C1NCc2c3c4n([C@]5(C)[C@](OC)[C@](NC)C[C@@](O5)n5c4c(c4c5cccc4)c12)c1c3cccc1,STAUROSPORINE,170,nM
Clc1ccc(C(NC(=O)C2(N)CCN(c3ncnc4[nH]ccc34)CC2)CCCO)cc1,,22,nM
Clc1ccc(C(NC(=O)C2(N)CCN(c3ncnc4[nH]ccc34)CC2)CCO)cc1,,15,nM
O(C[C@@](N)Cc1c2c([nH]c1)cccc2)c1cc(-c2cc3c(cncc3)cc2)cnc1,,35,nM
Clc1cc2c(oc3C(=O)NC(C4NCCC4)=Nc23)cc1,BMS-863233,30000,nM
O(C)c1ncc(C=2C(=O)N(C3CCC(OCCO)CC3)c3nc(N)nc(C)c3C=2)cc1,PF-04691502,30000,nM
O=C1N2C(=NN1)c1c(nc(c(-c3ccccc3)c1)-c1ccc(C3(N)CCC3)cc1)C=C2,MK-2206,213,nM
Clc1cc2C(c3c(F)cccc3OC)=NCc3c(nc(Nc4cc(OC)c(C(=O)O)cc4)nc3)-c2cc1,ALISERTIB,30000,nM
FC(F)(F)c1c(N2CCNCC2)ccc(N2C(=O)N(C)c3c2c2c(nc3)ccc(-c3cnc(OC)cc3)c2)c1,BGT-226,30000,nM
Clc1c(NC(=O)NC2CC2)ccc(Oc2c3c(ncc2)cc(OC)c(C(=O)N)c3)c1,LENVATINIB,30000,nM
Clc1c(OC)c(NC(=O)c2c(C)nccc2)c2[nH]c3c(c2c1)ccnc3,,10000,nM
N([C@](C)c1ccccc1)c1ncnc2[nH]c(-c3ccc(CN4CCN(CC)CC4)cc3)cc12,AEE-788,30000,nM
O=C(O)c1c(N[C@](C)C=2C3=NC(N4CCOCC4)=CC(=O)N3C=C(C)C=2)cccc1,AZD-6482,30000,nM
Clc1c(C=2Oc3c(c(O)cc(O)c3C(=O)C=2)[C@]2[C@](CO)N(C)CC2)cccc1,,5922,nM
FC(F)(F)c1c(Nc2cc(NC(=O)C=C)ccc2)nc(Nc2c(OC)cc(N3CCN(C(=O)C)CC3)cc2)nc1,ROCILETINIB,30000,nM
O(CC1(C)COC1)c1cc2ncn(-c3nc4c(N5CCC(N)CC5)cccc4cc3)c2cc1,CRENOLANIB,30000,nM
FC(F)(F)c1[nH]c(-c2nccc(Oc3cc4nc(Nc5ccc(C(F)(F)F)cc5)n(C)c4cc3)c2)nc1,RAF-265,30000,nM
O(C)c1c(CO)cc(-c2nc3nc(N4[C@@](C)COCC4)nc(N4[C@@](C)COCC4)c3cc2)cc1,AZD-8055,30000,nM
Brc1c(-c2c3c([nH]cc3)ncc2)sc(C(=O)N[C@](CN)Cc2cc(F)ccc2)c1,,2,nM
Brc1c(-c2c3c([nH]cc3)ncc2)sc(C(=O)N[C@](CN)Cc2c(C(F)(F)F)cccc2)c1,,2,nM
Brc1c(-c2c3c([nH]cc3)ncc2)sc(C(=O)N[C@](CN)Cc2ccc(C(F)(F)F)cc2)c1,,3,nM
Brc1cc(Cl)c(Nc2c(F)c3ncn(C)c3cc2C(=O)NOCCO)cc1,SELUMETINIB,10000,nM
Clc1c(Cl)ccc2sc(C(=O)N)c(NC(=O)C)c12,,10000,nM
O=C1NCc2c3c4n(C5(C)C(OC)C(NC)CC(O5)n5c4c(c4c5cccc4)c12)c1c3cccc1,,6.3099999,nM
S(=O)(=O)(C)c1c(OC)cc(CC(=O)Nc2nc(OC(C)C)c(C#N)c(N)c2)c(OC)c1,,10000,nM
O=C(NCCc1ccccc1)c1sc(-c2nc(NC)ncc2)cc1,,5000,nM
Clc1c(C[C@](NC(=O)c2sc(-c3nc(NC)ncc3)cc2)CN)ccc(Cl)c1,,2.5999999,nM
O=C(Nc1c(C#N)c2c(s1)CCCC2)c1ccccc1,,10000,nM
O=C(N[C@@](C(=O)N)CCCNC(=N)N)[C@](NC(=O)CCCCCNC(=O)[C@](NC(=O)CCCCCNC(=O)[C@@]1C[C@@](O)[C@](n2c3ncnc(N)c3nc2)C1)C)CCCNC(=N)N,,2.3800001,nM
Clc1ccc(CNC(=O)Nc2c3c([nH]nc3)ccc2)cc1,,10000,nM
S(=O)(=O)(O)c1c2c(c(O)ccc2)c(NCc2cc3OCOc3cc2)cc1,,10000,nM
O(C[C@@](N)Cc1c2c([nH]c1)cccc2)c1c(C#N)nc(c(-c2nc3c(C)n[nH]c3nc2)c1)-c1cocc1,,19,nM
O=C(N)c1c(C[C@](N)COc2c(N)nc(c(-c3nc4c(C)n[nH]c4nc3)c2)-c2c(C)occ2)c2c([nH]1)cccc2,,1,nM
Clc1c(OCC)nc(C(=O)NCc2ccc(S(=O)(=O)C)cc2)cc1N,,9500,nM
O(CC(N)Cc1c2c([nH]c1)cccc2)c1cc(-c2cc3c(C)n[nH]c3cc2)cnc1,,6.3099999,nM
Clc1cc2NC(=O)Nc3nc(c(C#N)nc3)OCC(O)C(O)COc2cc1,,10000,nM
O=C(Nc1ccc(C)cc1)Nc1ccc(-c2c3c(N)ncc(-c4cn(C)nc4)c3sc2)cc1,,10000,nM
Clc1nc(NC2CCC(O)CC2)nc(-c2c3c([nH]c2)nccc3)c1,,10000,nM
O=C(Nc1n[nH]c2c1cc(-c1nnn(Cc3ccccc3)c1)cc2)c1ccccc1,,251.19,nM
O=C1NCCc2[nH]c(-c3cc(-c4cnc5c(c4)cccc5)ncc3)cc12,,10000,nM
N(Cc1ccccc1)c1sc2c(n1)ccc(-c1ccncc1)c2,,10000,nM
Fc1c(F)cccc1-c1nnc2[nH]nc(NC(=O)CCC)c2c1,,10000,nM
Clc1cc2c(OC(=N)C=3C(=O)NC(O)=C(C#N)C2=3)cc1,,7943.2798,nM
Clc1c(c(Cl)ccc1)C=1C(=O)N=CN2N=C(Sc3c(F)cc(F)cc3)C=CC=12,NEFLAMAPIMOD,10000,nM
Fc1c(N2CC(NC(=O)C)CC2)nc2NC=C(C(=O)O)C(=O)c2c1C,,10000,nM
O=C(NN)C=1C(=O)c2c(N(c3c(C)cc(O)cc3)C=1)cc(-c1ccncc1)cc2,,10000,nM
O=C(Nc1c(C)cccc1)Nc1cc2c(-c3c4c(N)ncnc4sc3CC2)cc1,,10000,nM
O=C1NCc2c(-c3ccc(Nc4oc5c(n4)cccc5)cc3)cccc12,,10000,nM
O(C)c1c(CNC=2C(=O)C(=O)C=2Nc2ccncc2)ccc(OC)c1,,10000,nM
O(CCOc1c(OCCOC)cc2ncnc(Nc3cc(C#C)ccc3)c2c1)C,ERLOTINIB,10000,nM
O=C(NCc1ccc(-n2c(-c3c(N)nccc3)nc3c2nc(-c2ccccc2)cc3)cc1)c1ccccc1,,390,nM
O=C(Nc1ccccc1)Cc1ccc(-n2c(-c3c(N)nccc3)nc3c2nc(-c2cnccc2)cc3)cc1,,390,nM
O=C(Nc1ccccc1)Cc1ccc(-n2c(-c3c(N)nccc3)nc3c2nc(-c2cc(NC(=O)C)ccc2)cc3)cc1,,700,nM
O=C(Nc1cc(C)ccc1)Nc1ccc(-c2c3c(N)nc(N)nc3sc2)cc1,,10000,nM
O(CC(N)COc1cc(C=Cc2ccncc2)cnc1)Cc1ccccc1,,6309.5698,nM
Clc1c(O)cc2C(=O)C=3C(=O)ONC=3N(CC)c2c1,,10000,nM
FC(F)(F)COC1=NC=Cn2c(c(-c3ccc(F)cc3)nc12)-c1nc(NCC(CO)(C)C)ncc1,,10000,nM
Clc1nc(NC2CCC(O)CC2)nc(-c2c3c([nH]c2)nccc3)c1,,10000,nM
O=C(Nc1nc(OCC)c(C#N)c(N)c1)Cc1c(OC)ccc(OC)c1,,10000,nM
O=C(NC1CCN(C)CC1)c1cc(OC)c(Nc2nc3N(C(CC)C(=O)N(C)c3cn2)C2CCCC2)cc1,,10000,nM
Fc1c(-c2n[nH]c3sc(C(=O)NC)cc23)cccc1,,10000,nM
Clc1c(Cl)cc2nn[nH]c2c1,,10000,nM
S(=O)(=O)(NCC#Cc1c2scc(-c3ccc(NC(=O)Nc4cc(C)ccc4)cc3)c2c(N)nc1)C,,10000,nM
Clc1c(OCC)nc(NC(=O)Cc2c(OC)cc(S(=O)(=O)C)c(OC)c2)cc1N,,10000,nM
O=C(Nc1ccc(C)cc1)Nc1ccc(-c2c3c(N)ncc(-c4cn(C(C(=O)N(C)C)C)nc4)c3sc2)cc1,,10000,nM
O(CCCN(C)C)c1cc(-c2ccc(Nc3oc4c(n3)cccc4)cc2)c2c(C(=O)NC2)c1,,6309.5698,nM
O=C(N1Cc2c3n(cc(C4=C(c5n6c(nc5)C=CC=C6)C(=O)NC4=O)c3ccc2)CC1)N1CCOCC1,,10000,nM
O=C(Nc1cc(OC)ccc1)c1c2n(C(c3ccccc3)=CC=N2)nc1,,10000,nM
O=C1NC(NC2CCCCC2)=NC(c2ccncc2)=C1,,10000,nM
FC(F)(F)c1nc(NC(=O)Nc2c3c(c(F)ccc3)ncc2)ccc1,,10000,nM
O=C(NN=Cc1c(OCC)cccc1)c1c(n(-c2c(N)non2)nn1)N1CCCC1,,10000,nM
c1(-c2cc3[nH]ncc3cc2)cnc2[nH]ccc2c1,,10000,nM
Clc1c(OCC)nc(C(=O)NCc2c(S(=O)(=O)N)cccc2)cc1N,,10000,nM
O=C(N1CCCCC1)c1noc(-c2cc3c([nH]nc3)cc2)c1,,10000,nM
Ic1c2c(N)ncnc2n(CC(O)C(O)CN)c1,,10000,nM
Fc1c(C2c3c(C)n[nH]c3NC3=C2C(=O)CC(C)(C)C3)cccc1,,10000,nM
O=C(N(C(C)C)C)c1n(Cc2ccccc2)nnc1-c1cc2c([nH]nc2)cc1,,7943.2798,nM
Clc1nc(N)nc(Nc2cc(F)c(Oc3c4c(C)c[nH]c4ncc3)c(F)c2)c1,BAY-549,1000,nM
Brc1c(F)c(F)c(-c2c3c(sc(C(=O)N)c3)cnc2)cc1,,3981.0701,nM
Clc1cc2C(=O)c3c(C)nn(-c4ccc(C)cc4)c3N(O)c2cc1,,10000,nM
Clc1c(C(F)(F)F)cc(NC(=O)Nc2ccc(Oc3cc(C(=O)NC)ncc3)cc2)cc1,SORAFENIB,10000,nM
O=C(N)c1c2nc(-c3nc(NCCN4CCCC4)ccc3)[nH]c2ccc1,,10000,nM
O=C1N(c2ccccc2)N=C(C)C1=CC=1C(C)=C(C#N)c2n(C=1O)c1c(n2)cccc1,,10000,nM
O=C1C(=O)C(Nc2ccncc2)=C1NC(C)c1ccccc1,,10000,nM
Brc1ccc(CNC(=O)Nc2cc3c([nH]nc3)cc2)cc1,,10000,nM
Fc1c(-c2c(-c3nc(NCC(O)(C)C)ncc3)n3c(C(CC4CC4)=NC=C3)n2)ccc(F)c1,,10000,nM
Clc1ccc(C[C@@](N)C(=O)N2CCN(c3ncnc4c3cccc4)CC2)cc1,,179,nM
Clc1c(-c2c(C(=O)N)cc(-c3nc(N)ncc3)[nH]2)ccc(Cl)c1,,6309.5698,nM
O=C(N)c1c(NC=2n3c(ncc3)C=C(c3cc(OC)c(OC)cc3)N=2)cccc1,,10000,nM
O(C)c1cc(-c2cn-3c(C(=O)Nc4c-3cccc4)c2)ccc1,,10000,nM
Clc1ccc(C(NC(=O)C2(N)CCN(c3ncnc4[nH]ccc34)CC2)CCN(C)C)cc1,,7,nM
Fc1ccc(C(NC(=O)C2(N)CCN(c3ncnc4[nH]ccc34)CC2)C)cc1,,176,nM
O=C1N(C2CCN(Cc3ccc(C4=C(c5ccccc5)NC(=O)C(C)=N4)cc3)CC2)c2c(N1)cccc2,,50000,nM
Clc1c(CCNC(=O)c2sc(-c3nc(N)ncc3)cc2)ccc(Cl)c1,,610,nM
O=C([C@](N)Cc1ccc(OC)cc1)N1CCN(c2ncnc3c2cccc3)CC1,,2056,nM
S(=O)(=O)(Nc1ccc(-c2cc3c(N)n[nH]c3cc2)cc1)C,,10000,nM
Fc1cc2c(C3=C(c4n5c(nc4)C=CC=C5)C(=O)NC3=O)cn3c2c(c1)CN(C(=O)N1CCCCC1)CC3,LY-2090314,10000,nM
O=C(Nc1ccc(OC(C)C)cc1)N1CCN(c2ncnc3c2cc(OC)c(OCCCN2CCCCC2)c3)CC1,TANDUTINIB,10000,nM
S(=O)(=O)(N)c1c(C)ccc(Nc2nc(Nc3ccc(OCC(=O)NC)cc3)c(F)cn2)c1,,10000,nM
O=C1Nc2c(-n3c1ccc3)ccc(CN1C(=O)CCC1)c2,,316.23001,nM
S(=O)(=O)(Nc1ccc(-c2cc3c(NC(=O)CC)n[nH]c3cc2)cc1)CCC,,10000,nM
O=C(NC(CO)Cc1ccccc1)c1ccc(-c2ccncc2)cc1,,10000,nM
O=C(Nc1scc(C)n1)c1c(N)c2c(s1)nc(-c1ccncc1)cc2,,10000,nM
Clc1c2c(Nc3cc(O)ccc3)ncnc2sc1,,10000,nM
O=C(Nc1cc(C)ccc1)Nc1ccc(-c2c3c(N)ncc(C=CC(=O)NCCN(CC)CC)c3sc2)cc1,,10000,nM
O=C(NN=Cc1sccc1)c1c(n(-c2c(N)non2)nn1)-c1sccc1,,10000,nM
O=C(N)c1c(-c2c(C)c(C)ccc2)[nH]c(-c2nc(N)ncc2)c1,,7943.2798,nM
N(c1nc(Nc2ccccc2)ccn1)c1ccccc1,,25118.859,nM
FC(F)(F)c1cc2OC3=C(C(=O)c2cc1)C(=O)CCC3,,10000,nM
ClC1=NC=Cn2c(c(-c3ccc(F)cc3)nc12)-c1nc(NCC(CO)(C)C)ncc1,,10000,nM
FC(F)(F)c1ccc(-c2n3N=C(NC4CC4)C=Cc3nn2)cc1,,10000,nM
O(C)c1c(OC)ccc(C=C2C(=O)NC(=Nc3ccccc3)S2)c1,,10000,nM
O=C(Nc1cc(C)ccc1)Cc1ccc(-c2c3c(N)n[nH]c3ccc2)cc1,,3981.0701,nM
Fc1ccc(-c2c(-c3ccncc3)n3c(SC=C3)n2)cc1,,10000,nM
O(CC(N)Cc1c2c([nH]c1)cccc2)c1cc(-c2sc3c(c2)cncc3)cnc1,,199.53,nM
Fc1c(-c2ccncc2)ccc(C(=O)NC(C)c2cc(OC)ccc2)c1,,3981.0701,nM
O=C(N1CC(C(=O)N)CCC1)c1noc(-c2cc3c([nH]nc3)cc2)c1,,10000,nM
Clc1cc(Cl)cc(C(NC(=O)c2ccc(-c3ccncc3)cc2)CO)c1,,10000,nM
O=C(N[C@@](C(=O)N)CCCNC(=N)N)[C@](NC(=O)CCCCCNC(=O)[C@](NC(=O)CCCCCNC(=O)[C@@]1[C@@](O)[C@@](O)[C@](n2c3ncnc(N)c3nc2)O1)C)CCCNC(=N)N,,3750,nM
Fc1c(Oc2ncnc3c2cc(OC)c(OCCCN2CCCC2)c3)ccc2[nH]c(C)cc12,CEDIRANIB,10000,nM
Nc1ncnc2n(C3CCN(Cc4ccc(-c5c(-c6ccccc6)cc(-c6[nH]nnn6)cn5)cc4)CC3)cnc12,,50000,nM
O=C1N(C2CCN(Cc3ccc(C4=C(c5ccccc5)N=CC(=O)N4)cc3)CC2)c2c(N1)cccc2,,50000,nM
Clc1c(Cl)ccc(N2C(=O)C(=CC=3C(C)=C(C#N)c4n(C=3O)c3c(n4)cccc3)C(C)=N2)c1,,5011.8701,nM
Fc1cc(NC(=O)Nc2ccc(NC(=O)c3c4C(N)=NC=Nn4cc3)cc2)ccc1,,10000,nM
Clc1c(Cl)ccc(CNC=2C(=O)C(=O)C=2Nc2ccncc2)c1,,1258.9301,nM
Fc1ccc(-c2c(n(CCN3CCOCC3)cn2)-c2cc3c([nH]nc3)cc2)cc1,,10000,nM
Clc1ccc(CNC(=O)c2sc3[nH]nc(-c4ccccc4)c3c2)cc1,,10000,nM
OCC(Nc1ncnc2[nH]cc(-c3ccccc3)c12)CO,,10000,nM
S=C1N2c3sc4c(c3C=3N(C(=S)NN=3)C2=NN1)CCC4,,7943.2798,nM
Fc1ccc(-c2cc(OCC(N)Cc3c4c([nH]c3)cccc4)cnc2)cc1,,6309.5698,nM
O(C)c1c(NC2=Nn3c(-c4ccccc4)nnc3C=C2)cc(OC)cc1,,10000,nM
Fc1cc2[nH]c(-c3ccc(CNC)cc3)c3c2c(C(=O)NCC3)c1,RUCAPARIB,10000,nM
Clc1ccc(Nc2nnc(Cc3ccncc3)c3c2cccc3)cc1,VATALANIB,10000,nM
S(=O)(C)c1ccc(-c2[nH]c(c(-c3ccc(F)cc3)n2)-c2ccncc2)cc1,SB-203580,10000,nM
Fc1ccc(-c2c(-c3nc(NC4CCN(C(=O)C)CC4)ncc3)n3c(OC=C3)n2)cc1,,10000,nM
s1c2c(-c3[nH]ncc3CC2)cc1,,100000,nM
Clc1c(F)cc2C(=O)C=3C(=O)ONC=3N(CC)c2c1,,10000,nM
Fc1c(NCc2ccccc2)c(F)cc2C(=O)C=3C(=O)NSC=3N(C3CC3)c12,,2511.8899,nM
O=C(NCc1cc(OC)ccc1)c1sc2[nH]nc(-c3ccccc3)c2c1,,10000,nM
N(Cc1ccccc1)c1scc(-c2cc3c([nH]nc3)cc2)n1,,10000,nM
O=C(NCc1ccccc1)c1cc(-c2cnc3[nH]ccc3c2)ccc1,,10000,nM
Fc1cc(NC(=O)Nc2ccc(-c3c4c(N)ncc(-c5cocc5)c4sc3)cc2)ccc1,,10000,nM
O=C(NC1CCN(C)CC1)c1sc2[nH]nc(-c3ccccc3)c2c1,,10000,nM
O=C(Nc1cc(C)cc(C)c1)Nc1cc(C)c(-c2c3c(C(=O)NC3)ccc2)cc1,,10000,nM
Brc1cnc2[nH]cc(-c3ccccc3)c2c1,,10000,nM
O=C(NN=Cc1c(O)cc(O)cc1)Nc1c2nsnc2ccc1,,10000,nM
O=C(N)c1c(N)nc2N(C(=O)N(CC)C(=O)c2c1)C1CC1,,10000,nM
Brc1cc2-c3[nH]ncc3Cc2cc1,,50118.719,nM
Clc1nnc2Nc3c(C(=O)N)cccc3NC(=O)c2c1,,10000,nM
Fc1cc(C(=O)Nc2cc3c([nH]nc3)cc2)ccc1,,10000,nM
O=C(O)C(=O)Nc1c(N(C)C)cc2sncc2c1,,10000,nM
O=C(NC(C)c1cc(OC)ccc1)c1cc(C)c(-c2ccncc2)cc1,,7943.2798,nM
O=C(N)c1c2nc(-c3nc(NCCCN(CC)CC)ccc3)[nH]c2ccc1,,10000,nM
O=C(Nc1cc(-c2c(-c3nc(Nc4cc(N5C(=O)CCC5)ccc4)ncc3)n3c(SC=C3)n2)ccc1)Cc1ccccc1,,10000,nM
Clc1ccc([C@@](NC(=O)C2(N)CCN(c3ncnc4[nH]ccc34)CC2)CCN2CCCC2)cc1,,18,nM
Clc1ccc(C(NC(=O)C2(N)CCN(c3ncnc4[nH]ccc34)CC2)C2CC2)cc1,,24,nM
Clc1ccc(C(NC(=O)C2(N)CCN(c3ncnc4[nH]ccc34)CC2)C)cc1,,30,nM
O=C(N[C@@](C(=O)N)CCCNC(=N)N)[C@](NC(=O)CCCCCNC(=O)[C@](NC(=O)CCCCCNC(=O)[C@@]1[C@@](O)[C@@](O)[C@](n2c3ncnc(N)c3nc2)O1)CCCCN)CCCNC(=N)N,,100000,nM
O=C(Nc1cc(C)ccc1)Nc1ccc(-c2c3c(N)ncc(C#CC(N)(C)C)c3sc2)cc1,,10000,nM
Fc1c(-c2c3c(sc(C(=O)N)c3)cnc2)ccc(F)c1,,10000,nM
O=C(Nc1cc(-c2c(-c3nc(Nc4ccc(N5CCOCC5)cc4)ncc3)n3c(SC=C3)n2)ccc1)Cc1ccccc1,,10000,nM
S(=O)(=O)(CC)c1ccc(-c2c3c(sc(C(=O)N)c3)cnc2)cc1,,10000,nM
N(c1nc(-c2c3c([nH]c2)nccc3)ccn1)C1CCC(N)CC1,,630.96002,nM
Ic1cc(Cl)c(Nc2c(F)c(F)ccc2C(=O)NOCC2CC2)cc1,CI-1040,10000,nM
Clc1c(C[C@@](N)C(=O)N2CCN(c3ncnc4c3cccc4)CC2)ccc(Cl)c1,,1464,nM
O=C([C@](N)Cc1ccc(-c2ccccc2)cc1)N1CCN(c2ncnc3c2cccc3)CC1,,13916,nM
Clc1c(CNC(=O)Nc2sc(-c3nc(NC)ncc3)cc2)ccc(Cl)c1,,2100,nM
Fc1ccc(CCCNC(=O)c2sc(-c3nc(NC)ncc3)cc2)cc1,,18000,nM
Nc1c(-c2n(-c3ccc(C4(N)CCC4)cc3)c3nc(-c4cnccc4)ccc3n2)cccn1,,26,nM
O=C(O)c1cc2nc(c(-c3ccccc3)nc2cc1)-c1ccc(CN2CCC(N3C(=O)Nc4c3cccc4)CC2)cc1,,3200,nM
Clc1c(C(CNC(=O)c2sc(-c3nc(NC)ncc3)cc2)CC)ccc(Cl)c1,,1000,nM
Clc1c(CC(NC(=O)c2sc(-c3nc(NC)ncc3)cc2)CN)ccc(Cl)c1,,4.8000002,nM
Fc1ccc(NC(=O)c2sc(-c3nc(NC)ncc3)cc2)cc1,,25000,nM
OC(C#Cc1nc(CN2CCCC2)cc2n(CC)c(-c3c(N)non3)nc12)(C)C,GSK-1000163A,22,nM
Clc1c(F)ccc(Nc2ncnc3c2cc(NC(=O)/C=C/CN(C)C)c(O[C@@]2COCC2)c3)c1,AFATINIB,10000,nM
Clc1c(C(F)(F)F)cc(NC(=O)Nc2ccc(Oc3cc(C(=O)NC)ncc3)cc2)cc1,SORAFENIB,10000,nM
Fc1c2nccc(NC(=O)Nc3nccnc3)c2ccc1,,10000,nM
Clc1cc2N(c3c(C)cc(O)cc3)c3nc(N)nc(N)c3C(=O)c2cc1,,10000,nM
Clc1c(Cl)ccc(-c2c(n(CCC)c(C3CCNCC3)n2)-c2nc(NC3CCCCC3)ncc2)c1,,3981.0701,nM
Clc1cc(CC(N)COc2cc(-c3cc4c(C)n[nH]c4cc3)cnc2)ccc1,,5.0120001,nM
Clc1cc(C(=O)N)c2nc(-c3c(F)cc(C4CNCCC4)cc3)[nH]c2c1,,10000,nM
Fc1c(-c2c(-c3nc(NCC(O)(C)C)ncc3)n3c(C(CC)=NC=C3)n2)ccc(F)c1,,10000,nM
IC=1c2n(C(=O)NC=1)cc(-c1ccccc1)n2,,10000,nM
O=C(Nc1n(C)c2c(n1)cc(N(C(=O)C1CCCCC1)C)cc2)c1ccc(C#N)cc1,,10000,nM
Ic1n(Cc2ccccc2)nnc1-c1cc2c(N)n[nH]c2cc1,,316.23001,nM
O=C(Nc1cc(C)c(C)cc1)Nc1ccc(-c2c3c(C(=O)NC3)ccc2)cc1,,10000,nM
FC(F)Oc1ccc(NC(=O)Nc2ccc(-c3c4c(N)ncc(-c5cn(C)nc5)c4sc3)cc2)cc1,,10000,nM
O=C(N)c1c2nc(-c3ccc(OCCN(CC)CC)cc3)[nH]c2ccc1,,10000,nM
O=C(NN=C(C)c1occc1)c1c(n(-c2c(N)non2)nn1)-c1ccccc1,,10000,nM
Fc1ccc(-c2c(-c3nc(NC4CCNCC4)ncc3)n3c(OC=C3)n2)cc1,,10000,nM
O=C(Nc1cc(Nc2nc(-c3cnccc3)ccn2)c(C)cc1)c1ccc(CN2CCN(C)CC2)cc1,IMATINIB,10000,nM
Fc1cc(-c2c3c(sc(C(=O)O)c3)cnc2)ccc1,,10000,nM
Clc1c(OC)cc2nc(NCC)c(NCC)nc2c1,,10000,nM
S=C1SC(=Cc2cc(OC)c(O)cc2)C(=O)N1,,10000,nM
C(CCCCCCCC)CCCCCCC[n+]1c(C)n(Cc2ccccc2)cc1,,10000,nM
Clc1c(C)cc(OC)c(NC(=O)Nc2ncc(C#N)nc2)c1,,10000,nM
O=C1Oc2c(N1)cc(-c1nc(-c3cc4NC(=O)COc4cc3)cc(-c3ccccc3)c1)cc2,,4000,nM
Fc1cc(C(=O)NCc2ccc(-n3c(-c4c(N)nccc4)nc4c3ncc(-c3cnccc3)c4)cc2)ccc1,,400,nM
O=C(Nc1cc(CC)ccc1)Nc1cc2c(-c3c4c(N)ncnc4sc3CC2)cc1,,10000,nM
Clc1cc2C(c3ccccc3)=C(C(=O)/C=C/c3[nH]c4c(n3)cc(F)cc4)C(=O)Nc2cc1,,1640,nM
Fc1c(C2C(C#N)=C(N)Oc3[nH]nc(C(C)(C)C)c23)cccc1,,10000,nM
NCCCn1c2c(c(-c3cc(-c4sc5c(c4)cccc5)c4[nH]ncc4c3)c1)nc(N)nc2,,251.19,nM
O=C(N)c1c(Nc2cc(C)ccc2)nc(NC2C(N)CCCC2)cn1,,316.23001,nM
O=C(N)C=1C(c2occc2)C(C#N)=C(N)N2C(=O)C(=Cc3occc3)SC=12,,10000,nM
O=C(NCc1ccncc1)c1nc(OCC)c(C#N)c(N)c1,,10000,nM
Fc1c(NC(=O)Nc2ccc(-c3c4c(N)ncc(-c5cocc5)c4sc3)cc2)cccc1,,10000,nM
Clc1ccc([C@](O)(CN)c2ccc(-c3c[nH]nc3)cc2)cc1,AT-13148,50,nM
Fc1ccc(-c2c(-c3nc(NCC(CO)(C)C)ncc3)n3c(C(CC4CC4)=NC=C3)n2)cc1,,10000,nM
O=C(N)c1c2[nH]ncc2ccc1,,100000,nM
FC(F)(F)c1c2nccc(NC(=O)Nc3nc(N4CCOCC4)ccc3)c2ccc1,,10000,nM
Fc1c2OCCC(N3C(=O)Nc4c3nc(-n3c5c(nc3)ccc(F)c5)nc4)c2ccc1,,10000,nM
O=C(NC(C)(C)C)c1cc2nc3c([nH]c4c3cccc4)nc2cc1,,10000,nM
Brc1cc(F)c(COc2c(C(=O)N)c(NC(=O)NCCCCN3CCCC3)sn2)c(F)c1,OSI-632,10000,nM
O=C(NC(C)c1cc(OCCC)ccc1)c1ccc(-c2ccncc2)cc1,,10000,nM
Clc1c(OCC(N)Cc2c3c([nH]c2)cccc3)cc(C=Cc2ccncc2)cn1,,794.33002,nM
Fc1c(NC(=O)Nc2ccc(-c3c4c(N)n[nH]c4ccc3)cc2)cc(C)cc1,LINIFANIB,10000,nM
O=C(Nc1n(-c2ccc(C)cc2)nc(C(C)(C)C)c1)Nc1c2c(c(OCCN3CCOCC3)cc1)cccc2,DORAMAPIMOD,10000,nM
O=C(Nc1scc(-c2c3c([nH]c2)nccc3)n1)Cc1cc(OCCCC2CCNCC2)ccc1,,2000,nM
S(c1c(C(=O)NC)cccc1)c1cc2[nH]nc(/C=C/c3ncccc3)c2cc1,AXITINIB,10000,nM
Clc1ccc([C@](C(=O)N2CCN(c3ncnc4[C@](O)C[C@@](C)c34)CC2)CNC(C)C)cc1,IPATASERTIB,2.5,nM
Fc1c(F)ccc([C@]2[C@](NC(=O)c3c(F)cc(-c4n(C)ncc4)cc3)CNCC2)c1.Cl,,28,nM
O=C(Nc1cc2NCC(C)(C)c2cc1)c1c(NCc2ccncc2)nccc1,MOTESANIB,10000,nM
Clc1c(F)ccc(Nc2c(C#N)cnc3c2cc(NC(=O)/C=C/CN(C)C)c(OCC)c3)c1,PELITINIB,10000,nM
Clc1c(C=2Oc3c(c(O)cc(O)c3C(=O)C=2)[C@@]2[C@](O)CN(C)CC2)cccc1,ALVOCIDIB,10000,nM
Oc1cc(-c2nc(N3CCOCC3)c3oc4ncccc4c3n2)ccc1,PI-103,10000,nM
Clc1c(C(F)(F)F)cc(NC(=O)Nc2ccc(Oc3cc(C(=O)NC)ncc3)cc2)cc1,SORAFENIB,10000,nM
O(c1c2n(CC)c(-c3c(N)non3)nc2cnc1)C1CCNCC1,,398,nM
O(C[C@@]1CNCCC1)c1c2n(CC)c(-c3c(N)non3)nc2c(C#CC(O)(C)C)nc1,GSK-690693,13,nM
O=C(NCCC(=O)Nc1noc(C)c1)Nc1sc(c(C)n1)-c1ccc(-n2nccc2)cc1,,10000,nM
O=C(NCc1ccc(N(C)C)cc1)c1sc2[nH]nc(-c3ccccc3)c2c1,,10000,nM
NC=1n2c(-c3ccccc3)ncc2C=CN=1,,100000,nM
Nc1n[nH]c2c1cc(-c1c(n(Cc3ccccc3)nn1)-c1ccccc1)cc2,,794.33002,nM
O(CCCCN1CCOCC1)c1cc2-c3[nH]nc(-c4cnc(C#N)cc4)c3Cc2cc1,,10000,nM
S(=O)(=O)(N1CCNCCC1)c1c2c(cncc2)ccc1,FASUDIL,6309.5698,nM
O=C(NCCN)c1sc(-c2nc(NC)ncc2)cc1,,1300,nM
O(C[C@@](N)Cc1c2c([nH]c1)cccc2)c1cc(c(-c2cocc2)nc1)-c1ncc2[nH]nc(C)c2c1,,1,nM
Clc1c(C(F)(F)F)cc(NC(=O)Nc2ccc(Oc3cc(C(=O)NC)ncc3)cc2)cc1,SORAFENIB,10000,nM
O=C(N(C)[C@]1[C@@](OC)[C@]2(C)O[C@@](n3c4c5n2c2c(c5c5[C@](O)NC(=O)c5c4c4c3cccc4)cccc2)C1)c1ccccc1,CGP-52421,10000,nM
O=C([C@](N)Cc1ccc(C)cc1)N1CCN(c2ncnc3c2cccc3)CC1,,754,nM
O=C(Nc1nc(OCC)c(C#N)c(N)c1)Cc1c(OC)ccc(OC)c1,,9500,nM
NC(C)(C)c1ccc(-c2c(-c3ccccc3)nc3c(n2)cccc3)cc1,,250000,nM
O=C1NCc2c3c4n([C@]5(C)[C@](OC)[C@](NC)C[C@@](O5)n5c4c(c4c5cccc4)c12)c1c3cccc1,STAUROSPORINE,10,nM
O=C(CC#N)N1C[C@](N(C)c2ncnc3[nH]ccc23)[C@](C)CC1,TOFACITINIB,10000,nM
O=C(Nc1ccc(OC(C)C)cc1)N1CCN(c2ncnc3c2cc(OC)c(OCCCN2CCCCC2)c3)CC1,TANDUTINIB,10000,nM
Clc1ccc(C(C(=O)N2CCN(c3ncnc4sc5c(c34)CCC5)CC2)CNC2CCCC2)cc1,,129,nM
Fc1c(Nc2nc3NC(=O)C(C)(C)Oc3cc2)nc(Nc2cc(OC)c(OC)c(OC)c2)nc1,R-406,10000,nM
FC(F)(F)CNC(=O)c1scc(-c2c3n(nc2)C=C(c2cn(C)nc2)C=N3)c1,,100000,nM
Clc1c(-c2n(CC)ncc2Cl)cc(C(=O)N[C@](CN)Cc2cc(F)c(F)cc2)o1,,25.120001,nM
Clc1c(-c2n(C)ncc2Cl)cc(C(=O)N[C@](CN)Cc2c(C(F)(F)F)cccc2)s1,,25.120001,nM
Clc1c(-c2n(CC)ncc2Cl)cc(C(=O)N[C@](CN)Cc2ccc(F)cc2)s1,,25.120001,nM
O=C(CN(C)C)N1CCC(c2cc(c(NC(=O)c3[nH]cc(C#N)n3)cc2)C2=CCCCC2)CC1.Cl,,10000,nM
S(=O)(=O)(NC(C)(C)C)c1cc(Nc2c(C)cnc(Nc3ccc(OCCN4CCCC4)cc3)n2)ccc1,FEDRATINIB,10000,nM
F[B-]1(F)[N+]2=C(CCC(=O)NCCOCCOCCOCCN(C)[C@]3[C@@](OC)[C@]4(C)O[C@@](n5c6c7n4c4c(c7c7c(C(=O)NC7)c6c6c5cccc6)cccc4)C3)C=CC2=Cc2c(C)cc(C)n12,,537,nM
O=C(Nc1cc(C)ccc1)Nc1ccc(-c2c3c(N)nccc3sc2)cc1,,10000,nM
O(C)c1c(OC)ccc(Nc2nc(NC=3C(=O)C(=O)C=3NC(C(C)(C)C)C)ccn2)c1,,10000,nM
Nc1n[nH]c2c1cc(-c1c(C)n(Cc3ccccc3)nn1)cc2,,1995.26,nM
Fc1ccc(-c2c(-c3ncncc3)cn(C)n2)cc1,,10000,nM
FC(F)(F)c1c(-c2c3c(C(=O)NC3)ccc2)ccc(NC(=O)Nc2cc(C)cc(C)c2)c1,,10000,nM
S=C(NNC(=O)C(O)(c1ccccc1)c1ccccc1)Nc1ccc(F)cc1,,2511.8899,nM
O=C(O)c1ccc(N2C(=O)C(=CC=3C(C)=C(C#N)c4n(C=3O)c3c(n4)cccc3)C(C)=N2)cc1,,10000,nM
Clc1c(-c2c(C(=O)N)cc(-c3nc(N)ncc3)[nH]2)ccc(Cl)c1,,6309.5698,nM
Brc1cc2C(=O)NC=Nc2cc1,,100000,nM
OC1(C)CC(c2n3c(c(-c4cc5nc(-c6ccccc6)ccc5cc4)n2)C(N)=NC=C3)C1,,10000,nM
Fc1c(-c2c(C3=Nn4c(C(CO)(C)C)nnc4C=C3)n3c(n2)CCC3)ccc(F)c1,,10000,nM
Fc1ccc(-c2c(n(C3CCNCC3)cn2)-c2nc(N)ncc2)cc1,SB-220025,10000,nM
C(N1CCCCC1)c1noc(-c2cc3c([nH]nc3)cc2)c1,,10000,nM
Fc1c(F)cccc1-c1nnc2[nH]nc(NC(=O)CCCN3CCN(CC)CC3)c2c1,,10000,nM
O=C(Nc1ccc(-c2c3c(N)ncnc3sc2)cc1)Nc1ccccc1,,10000,nM
O=C(OCC)c1c2nc(-c3ccc(N4CC(N)CC4)cc3)[nH]c2ccc1,,10000,nM
O=C(NN=C(C)c1c(O)cc(O)cc1)c1n(-c2c(N)non2)nnc1COC,,630.96002,nM
O=C(N)C=1C(=O)c2c(N(c3c(C)cc(O)cc3)C=1)cc(-c1ccncc1)cc2,,10000,nM
Clc1c(OCCCO)cc2OCCCCCOc3c(C#N)ncc(n3)NC(=O)Nc2c1,,5011.8701,nM
FC(F)(F)c1c(NC(=O)Nc2ccc(-c3c4c(N)nccc4sc3)cc2)cccc1,,10000,nM
S(=O)(=O)(C)c1cc(-c2c3scc(-c4cc5c([nH]c(C)c5)cc4)c3c(N)nc2)ccc1,,10000,nM
Clc1c(F)ccc(Nc2ncnc3c2cc(OCCCN2CCOCC2)c(OC)c3)c1,GEFITINIB,10000,nM
S(=O)(=O)(NCCN)c1cc(C(=O)Nc2ccc(C3=NNC(=O)c4c3cccc4)cc2)ccc1,,10000,nM
O=C(NC(COc1cc(-c2cc3c(cncc3)cc2)cnc1)Cc1c2c([nH]c1)cccc2)CN(C)C,,3981.0701,nM
O=C(C)N1CCN(C2CCC(n3nc(-c4cc(OC)c(NC(=O)c5n(C)c6c(c5)cccc6)cc4)c4c(N)ncnc34)CC2)CC1,,10000,nM
O=C1C(=Cc2c(C)cc(C)[nH]2)c2c(N1)cccc2,,10000,nM
Clc1c(C=O)cc(OC)c(NC(=O)Nc2ncc(C#N)nc2)c1,,10000,nM
O=C1Nc2c(Nc3nnccc13)cccc2,,10000,nM
Clc1c(CN2CCCCC2)cc(OC)c(NC(=O)Nc2ncc(C#N)nc2)c1,,10000,nM
O=C(NCc1ccccc1)C(C#N)=Cc1cc(O)c(O)cc1,,10000,nM
Fc1cc(NC(=O)Nc2ccc(-c3c4c(N)ncc(-c5cnc(C)cc5)c4sc3)cc2)ccc1,,10000,nM
Clc1c(C(=O)O)cc(OC)c(NC(=O)Nc2ncc(C#N)nc2)c1,,10000,nM
S(=O)(C)c1ccc(-c2[nH]c(c(-c3ccc(F)cc3)n2)-c2ccncc2)cc1,SB-203580,10000,nM
Fc1cc(NC(=O)Nc2ccc(-c3c4c(N)ncc(C(=O)NCC)c4sc3)cc2)ccc1,,10000,nM
O=C(O)c1c(O)cc(N2C(=O)c3c(C2=O)cccc3)cc1,,10000,nM
FC(F)(F)c1c(COc2c(C(=O)N)sc(-n3c4c(nc3)cc(OC)c(OC)c4)c2)cccc1,GW843682X,10000,nM
O=C(N)c1c2NCCC(=O)c2sc1,,100000,nM
Clc1c(Nc2c(S(=O)(=O)NC)cccc2)nc(Nc2cc(OC)c(OC)c(OC)c2)nc1,,10000,nM
Clc1c(C2=Nc3c(C)[nH]nc3Nc3c2cc(F)c(OC)c3)cccc1,RG-1530,10000,nM
O=C(Nc1c(C#N)c2c(s1)CCCC2)c1ccccc1,,40000,nM
Fc1c(-c2c(-c3nc(NCC4(O)CC4)ncc3)n3c(C(C)=NC=C3)n2)ccc(F)c1,,10000,nM
FC(F)(F)c1c(COc2c(C(=O)O)sc(-n3c4c(nc3)cc(OC)c(OC)c4)c2)cccc1,,10000,nM
O=C(C)N1CCN(C2CCC(n3nc(-c4ccc(NC(=O)c5n(C)c6c(c5)cccc6)cc4)c4c(N)ncnc34)CC2)CC1,,10000,nM
S(c1c(C(=O)NC)cccc1)c1cc2[nH]nc(C=Cc3ncccc3)c2cc1,,10000,nM
Fc1c(-c2c(-c3nc(NCC(CO)(C)C)ncc3)n3c(C(OC)=NC=C3)n2)ccc(F)c1,,10000,nM
S(=O)(=O)(NCCCN)c1cc(C(=O)Nc2ccc(C3=NNC(=O)c4c3cccc4)cc2)ccc1,,10000,nM
Brc1cc2c(-c3ccccc3)n[nH]c2cc1,,10000,nM
O=C(OCC)C=1C(=O)c2c(N(c3c(C)cc(O)cc3)C=1)cc(-c1ccncc1)cc2,,10000,nM
O(CC1N(C)CCC1)c1cc(CCc2ccccc2)cnc1,,10000,nM
Brc1c(Nc2c(S(=O)(=O)NC)cccc2)nc(Nc2c(OC)ccc(N3CCN(C(=O)C)CC3)c2)nc1,,10000,nM
Clc1c(C)cc(OC2CCCC2)c(NC(=O)Nc2ncc(C#N)nc2)c1,,10000,nM
Clc1ccc([C@](C(=O)N2CCN(c3ncnc4[C@](O)C[C@@](C)c34)CC2)CNCCC(=O)NCCCCCCCCNc2c3C(=O)N(C(=O)c3ccc2)C2C(=O)NC(=O)CC2)cc1,,6.5,nM
Clc1cc2c(c(C(=O)/C=C/c3[nH]c4c(n3)cccc4)c(O)nc2cc1)-c1ccccc1,,1640,nM
O=C([C@](N)Cc1ccccc1)N1CCN(c2ncnc3c2cccc3)CC1,,8410,nM
Brc1ccc(C[C@@](N)C(=O)N2CCN(c3ncnc4c3cccc4)CC2)cc1,,363,nM
Clc1cc(C[C@@](N)C(=O)N2CCN(c3ncnc4c3cccc4)CC2)ccc1,,6079,nM
Clc1c(F)c(Nc2ncnc3c2cc(OC2CCN(C(=O)C=C)CC2)c(OC)c3)ccc1Cl,POZIOTINIB,30000,nM
Clc1c(-c2n(C)ncc2Cl)cc(C(=O)N[C@](CN)Cc2cc(F)c(F)cc2)o1,UPROSERTIB,30000,nM
O=C(Nc1c(-c2[nH]c3c(n2)ccc(CN2CCOCC2)c3)n[nH]c1)NC1CC1,AT-9283,30000,nM
Clc1ccc([C@](C(=O)N2C3CN(c4ncnc5NC(=O)C[C@@](C)c45)C(C2)C3)CNC(C)C)cc1,,60,nM
Clc1ccc([C@](C(=O)N2[C@](C)CN(c3ncnc4NC(=O)C[C@@](C)c34)CC2)CNC(C)C)cc1,,2.5999999,nM
Clc1c(n(C)nc1)-c1c(OC)sc(C(=O)N[C@](CN)Cc2cc(F)ccc2)c1,,25.120001,nM
O(C[C@@](N)Cc1c2c([nH]c1)cccc2)c1cc(c(-c2cocc2)nc1)-c1nc2c(C)n[nH]c2nc1,,10,nM
O(CCN)c1nc(C#CC(O)(C)C)c2nc(n(CC)c2c1)-c1c(N)non1,,43,nM
O([C@@](CN)c1ccccc1)c1nc(C#CC(O)(C)C)c2nc(n(CC)c2c1)-c1c(N)non1,,1,nM
O=C1NCc2c3c4n([C@]5(C)[C@@](O)(CO)C[C@@](O5)n5c4c(c4c5cccc4)c12)c1c3cccc1,LESTAURTINIB,6200,nM
O=C1NC(=O)C=2c3c4c(n(c3)CCO[C@](CN(C)C)CCn3c5c(c(c3)C1=2)cccc5)cccc4,RUBOXISTAURIN,1400,nM
Fc1c2C(N)=C(c3[nH]c4c(n3)ccc(N3CCN(C)CC3)c4)C(=O)Nc2ccc1,DOVITINIB,10000,nM
Clc1c(c(Cl)ccc1)C=1C(=O)N(C)c2nc(Nc3cc(SC)ccc3)ncc2C=1,,10000,nM
O=C(NC(C)c1sccn1)Nc1c(OC)cc(Oc2c3c(ncc2)cc(OC)c(OC)c3)cc1,,10000,nM
Clc1ccc([C@@](NC(=O)C2(N)CCN(c3nc[nH]c-4nccc3-4)CC2)CCO)cc1,CAPIVASERTIB,7,nM
S(Cc1oc(C(C)(C)C)cn1)c1sc(NC(=O)C2CCNCC2)nc1,BMS-387032,10000,nM
O(CC(N)Cc1c2c([nH]c1)cccc2)c1cc(-c2cc3c(NC(=O)C3)cc2)cnc1,,158.49001,nM
O(Cc1ccccc1)c1cc(-c2c3c(N)ncnc3n(C3CC(CN4CCCC4)C3)c2)ccc1,,10000,nM
Clc1c(C[C@](NC(=O)c2sc(-c3nc(NC)ncc3)cc2)CN)ccc(Cl)c1,,3,nM
Clc1c(CCNC(=O)c2sc(-c3nc(NCC)ncc3)cc2)ccc(Cl)c1,,1500,nM
NCCn1c2c(c(-c3cc(-c4sc5c(c4)cccc5)c4[nH]ncc4c3)c1)nc(N)nc2,,1000,nM
O=C1NC=Nc2c3c(C)nn(C)c3sc12,,100000,nM
C(n1nnc(-c2cc3c([nH]nc3)cc2)c1)C1CCOCC1,,10000,nM
Clc1c(Cl)ccc(C(C(=O)Nc2cc3c([nH]nc3)cc2)CCN)c1,,10,nM
Ic1n(Cc2ccccc2)nnc1-c1cc2c(N)n[nH]c2cc1,,316.23001,nM
O=C(Nc1cc(C)ccc1)Nc1ccc(-c2c(N)c3nccnc3cc2)cc1,,10000,nM
O=C(Nc1ccc(OC)cc1)Nc1ccc(-c2c3c(N)ncc(-c4cn(CCO)nc4)c3sc2)cc1,,10000,nM
Fc1ccc(-c2c(-c3nc(NCC(COC)(C)C)ncc3)n3c(C(C)=NC=C3)n2)cc1,,10000,nM
Clc1c(CC(=O)Nc2cc3[nH]ncc3cc2)cccc1,,10000,nM
O=C(Nc1ccc(-c2nc3n(c(-c4c(N)nccc4)nc3cc2)-c2ccc(CN)cc2)cc1)C.Cl,,700,nM
O=C(NCCCCCCCCCCCCN1CCN(c2cc(OC)c(Nc3nc4N(c5cc(N)ccc5)C(=O)C=C(C)c4cn3)cc2)CC1)CC12CC3CC(C1)CC(C2)C3,,102,nM
Clc1ccc([C@](C(=O)N2[C@]3[C@@](N(c4ncnc5NC(=O)CN(C)c45)CC2)C3)CNC(C)C)cc1,,0.5,nM
O=C(Nc1cc(-c2nc3n(c(-c4c(N)nccc4)nc3cc2)-c2ccc(CN)cc2)ccc1)C.Cl,,86,nM
S(=O)(=O)(c1c(F)cc(F)cc1)C=1C(=O)N(C)c2nc(Nc3cc4c([nH]cc4)cc3)ncc2C=1,,10000,nM
O=C(NCCN(CC)CC)c1cc2nc(c(-c3ccccc3)nc2cc1)-c1ccc(CN2CCC(N3C(=O)Nc4c3cccc4)CC2)cc1,,7200,nM
O=C1NCc2c3c4n([C@]5(C)[C@](OC)[C@](NC)C[C@@](O5)n5c4c(c4c5cccc4)c12)c1c3cccc1,STAUROSPORINE,13.3,nM
O=C(Nc1ccc(N2C(=O)C=C(C)c3c2nc(Nc2c(OC)cc(N4CCN(CCCCCCCCCCCCNC(=O)CC56CC7CC(C5)CC(C6)C7)CC4)cc2)nc3)cc1)C=C,,1000,nM
S(=O)(=O)(Nc1cc(CC(=O)Nc2scc(-c3c4c([nH]c3)nccc4)n2)ccc1)C,,10000,nM
O=C(Nc1cc(-c2nc3n(c(-c4c(N)nccc4)nc3cc2)-c2ccc(C3(N)CCC3)cc2)ccc1)C.Cl,,22,nM
O(C[C@@](N)Cc1c2c([nH]c1)cccc2)c1cc(-c2cc3c(cncc3)cc2)cnc1,,35,nM
Clc1ccc([C@](C(=O)N2CCN(c3ncnc4NC(=O)C(C)Cc34)CC2)CNC(C)C)cc1.Cl,,7.4000001,nM
O=C(Nc1cc(N2C(=O)C=C(C)c3c2nc(Nc2c(OC)cc(N4CCN(CCCCCCCCCCCCNC(=O)CC56CC7CC(C5)CC(C6)C7)CC4)cc2)nc3)ccc1)CC,,34,nM
Clc1ccc(C(NC(=O)C2(N)CCN(c3ncnc4[nH]ccc34)CC2)CCCN2CCOCC2)cc1,,15,nM
Clc1ccc(C(NC(=O)C2(N)CCN(c3ncnc4[nH]ccc34)CC2)CCCN(C)C)cc1,,4,nM
O=C(Nc1cc(N2C(=O)C=C(C)c3c2nc(Nc2c(OC)cc(N4CCN(CCCCCCCCNC(=O)CC56CC7CC(C5)CC(C6)C7)CC4)cc2)nc3)ccc1)C=C,,52,nM
O=C(NCCCCCCCCCCCCN1CCN(c2cc(OC)c(Nc3nc4N(c5cc(NC(=O)C)ccc5)C(=O)C=C(C)c4cn3)cc2)CC1)CC12CC3CC(C1)CC(C2)C3,,67,nM
O=C(NCCCCCCCCCCCCN1CCN(c2cc(OC)c(Nc3nc4N(c5cc(NC(=O)C6CC6)ccc5)C(=O)C=C(C)c4cn3)cc2)CC1)CC12CC3CC(C1)CC(C2)C3,,13,nM
Clc1c(Cl)cccc1NC(=O)Nc1c(C(=O)N2CCN(CCN(C)C)C(=O)CC2)cc(C(C)(C)C)s1,,30000,nM
Clc1ccc([C@@](NC(=O)C2(N)CCN(c3ncnc4[nH]ccc34)CC2)CCN2CCN(C(=O)CCOCCOCCOCCOCCOCCNc3c4C(=O)N(C(=O)c4ccc3)C3C(=O)NC(=O)CC3)CC2)cc1,,22,nM
Clc1ccc([C@](C(=O)N2CCN(c3ncnc4[C@](O)C[C@@](C)c34)CC2)CNCCC(=O)NCCCCCCCCNc2c3C(=O)N(C(=O)c3ccc2)C2C(=O)N(C)C(=O)CC2)cc1,,12,nM
O=C1N([C@@]2c3c(c(O)ccc3)CC2)c2nc(Nc3ccccc3)ncc2C1(C)C,,10000,nM
O(c1ccc(CCNC=2C(=O)C(=O)C=2Nc2ccncc2)cc1)c1ccccc1,,10000,nM
NCC(c1c2c(n(C)c1)cccc2)c1cc(C=Cc2ccncc2)cnc1,,5011.8701,nM
O(C)c1c2Nc3c(C(=O)Nc2ccc1)ccc(Nc1ccncc1)c3,,10000,nM
O=C(NC(CN)c1cc(OC)ccc1)c1ccc(-c2ccncc2)cc1,,630.96002,nM
Clc1nc(-c2c3c([nH]c2)nccc3)nc(NC2CCCCC2)c1,,10000,nM
ClC1=Cn2ncc(-c3c(C)sc(C(=O)N[C@]4C(F)(F)CCC[C@]4N)c3)c2N=C1,,2400,nM
O=C1n2nc(-c3cnccc3)nc2-c2c(sc3c2CCCC3)N1,,10000,nM
O=C1NCc2c(-c3ccc(Nc4[nH]c5c(n4)cccc5)cc3)cccc12,,10000,nM
O(CC(N)Cc1c2c([nH]c1)cccc2)c1cc(-c2cc3C(=Cc4occc4)C(=O)Nc3cc2)cnc1,,5.0120001,nM
O=C(NC(CN)c1ccccc1)c1ccc(-c2ccncc2)cc1,,398.10999,nM
Fc1ccc(-c2c(-c3ccncc3)[nH]c(-c3ccc(F)cc3)n2)cc1,,10000,nM
Fc1ccc(-c2c(-c3cc4n(CC5CC5)c(N)nc4cc3)n3c(SC=C3)n2)cc1,,10000,nM
Fc1c(NC(=O)Nc2ccc(-c3c4c(N)nn(C)c4cnc3)cc2)cc(C)cc1,,10000,nM
Clc1c(-c2n(C)ncc2Cl)cc(C(=O)N[C@]2[C@](c3cc(F)c(F)cc3)CCNC2)o1.O=C(O)[C@](O)[C@@](O)C(=O)O,,0.1,nM
Clc1ccc(Nc2nnc(Cc3ccncc3)c3c2cccc3)cc1,VATALANIB,10000,nM
Brc1cc2nc(/C=C/C(=O)C=3C(=O)Nc4c(C=3c3ccccc3)cc(Cl)cc4)[nH]c2cc1,,1640,nM
O=C1N(CC=C)N(c2nc(C(O)(C)C)ccc2)c2nc(Nc3ccc(N4CCN(C)CC4)cc3)ncc12,ADAVOSERTIB,30000,nM
OCCn1ncc(-c2nc3n(Cc4cc5c(nccc5)cc4)nnc3nc2)c1,PF-04217903,30000,nM
FC(F)(F)c1c(CN2CCN(C)CC2)ccc(NC(=O)c2cc(C#Cc3n4N=CC=Cc4nc3)c(C)cc2)c1,PONATINIB,30000,nM
O=C(NN1CCOCC1)Nc1c2C(=O)c3c(-c4ccc(CN5CCN(CCOC)CC5)cc4)n[nH]c3-c2ccc1,RGB-286638,30000,nM
OCC[C@]1N(C2=Nc3c(CC)cnn3C(NCc3c[n+]([O-])ccc3)=C2)CCCC1,DINACICLIB,30000,nM
Fc1c(C)c(-c2ncc(C(=O)NCC(C)(C)C)cc2)cc(C(=O)NC2CC2)c1,LOSMAPIMOD,30000,nM
Fc1c(Oc2ncnc3c2cc(OC)c(OCCCN2CCCC2)c3)ccc2[nH]c(C)cc12,CEDIRANIB,30000,nM
O=C(CC#N)N1C[C@](N(C)c2ncnc3[nH]ccc23)[C@](C)CC1,TOFACITINIB,30000,nM
O=C(Nc1cc2NCC(C)(C)c2cc1)c1c(NCc2ccncc2)nccc1,MOTESANIB,30000,nM
S(=O)(=O)(NC(C)(C)C)c1cc(Nc2c(C)cnc(Nc3ccc(OCCN4CCCC4)cc3)n2)ccc1,FEDRATINIB,30000,nM
O=C(N[C@](CN(C)C)c1ccccc1)N1C(C)(C)c2[nH]nc(Nc3nc(C)nc4c3scc4)c2C1,PF-03758309,30000,nM
Fc1c2C(N)=C(c3[nH]c4c(n3)ccc(N3CCN(C)CC3)c4)C(=O)Nc2ccc1,DOVITINIB,30000,nM
S(=O)(=O)(NCc1ncccc1)Cc1cc2C(=O)c3c(ncc(-c4cn(C)nc4)c3)C=Cc2cc1,MK-8033,30000,nM
P(=O)(OC[C@@]1[C@@](O)[C@@](O)[C@](n2c3ncnc4N(C)N=C(N)c(c34)c2)O1)(O)O,TRICIRIBINE PHOSPHATE,30000,nM
O=C(Nc1noc(C(C)(C)C)c1)Nc1ccc(-c2nc3Sc4c(-n3c2)ccc(OCCN2CCOCC2)c4)cc1,QUIZARTINIB,30000,nM
O=C(N(C)[C@]1[C@@](OC)[C@]2(C)O[C@@](n3c4c5n2c2c(c5c5c(C(=O)NC5)c4c4c3cccc4)cccc2)C1)c1ccccc1,MIDOSTAURIN,4400,nM
Clc1c(F)ccc(Nc2ncnc3c2cc(OCCCN2CCOCC2)c(OC)c3)c1,GEFITINIB,10000,nM
Clc1c([C@](Oc2c(N)ncc(-c3cn(C4CCNCC4)nc3)c2)C)c(Cl)ccc1F,CRIZOTINIB,30000,nM
O=C(Nc1cc(-c2nc3n(c(-c4c(N)nccc4)nc3cc2)-c2ccc(C3(N)CCC3)cc2)ccc1)C.Cl,,5.4000001,nM
Brc1c(C)cc(OC[C@]2OCCNC2)c(NC(=O)Nc2ncc(C)nc2)c1,RABUSERTIB,30000,nM
O=C1NC=Cc2c1ccc(OC1CCNCC1)c2,SAR-407899,30000,nM
Clc1c(F)ccc(Nc2c(C#N)cnc3c2cc(NC(=O)/C=C/CN(C)C)c(OCC)c3)c1,PELITINIB,30000,nM
Ic1cc(F)c(NC=2N(C)C(=O)C(C)=C3N(c4cc(NC(=O)C)ccc4)C(=O)N(C(=O)C=23)C2CC2)cc1,TRAMETINIB,30000,nM
Clc1c(-c2n(C)ncc2C)cc(C(=O)N[C@](CN)Cc2cc(F)ccc2)o1,,25.120001,nM
Nc1c(-c2n(-c3ccc(C)cc3)c3ncccc3n2)cccn1,,100000,nM
Brc1n(Cc2ccccc2)nc2C(=O)N([C@@]3C(=O)N(C)c4c(OC3)cccc4)CCc12,TP-030-2,1000,nM
O=C(N[C@]1[C@@](N)CCCC1)c1scc(-c2c3n(nc2)C=C(c2cn(C)nc2)C=N3)c1,,330,nM
FC(F)(F)Oc1ccc(NC(=O)c2c(NCc3c4c(ncc3)cccc4)ccs2)cc1,OSI-930,30000,nM
Clc1ccc([C@@](NC(=O)C2(N)CCN(c3ncnc4[nH]ccc34)CC2)CCN2CCN(C(=O)CCCCCCCCCCC(=O)N[C@@](C(C)(C)C)C(=O)N3[C@](C(=O)NCc4ccc(-c5c(C)ncs5)cc4)C[C@@](OCc4ccccc4)C3)CC2)cc1,,2900,nM
Clc1ccc([C@](O)(CN)c2ccc(-c3c[nH]nc3)cc2)cc1,AT-13148,30000,nM
O=C(N(C)C)c1n(C2CCCC2)c2nc(Nc3ncc(N4CCNCC4)cc3)ncc2c1,RIBOCICLIB,30000,nM
O(CC1CCN(C)CC1)c1cnc(-c2cc(CN3C(=O)C=CC(c4cc(C#N)ccc4)=N3)ccc2)nc1,TEPOTINIB,30000,nM
O(Cc1n2N=C(c3ccccc3)C=Cc2nn1)c1c2c(ncc1)cc(OC)cc2,AMG-208,30000,nM
Clc1c(OC)cc(Nc2c(C#N)cnc3c2cc(OC)c(OCCCN2CCN(C)CC2)c3)c(Cl)c1,BOSUTINIB,30000,nM
O=C1[C@@]2(O)[C@](C)CC[C@](O2)C[C@](OC)/C(/C)=C/C=C/C=C/[C@@](C)C[C@@](C)C(=O)[C@](OC)[C@](O)/C(/C)=C/[C@@](C)C(=O)C[C@@]([C@@](C[C@]2C[C@@](OC)[C@](O)CC2)C)OC(=O)[C@]2N(C1=O)CCCC2,SIROLIMUS,30000,nM
Fc1c(NC(=O)Nc2ccc(-c3c4c(N)n[nH]c4ccc3)cc2)cc(C)cc1,LINIFANIB,30000,nM
O(c1c(-c2nc(N)ncc2)cccn1)c1ccc(Nc2nnc(-c3scc(C)c3)c3c2cccc3)cc1,AMG-900,30000,nM
O=C1/C(=C/c2c(N3C[C@](N)CCC3)c(-c3ccccc3)ccc2)/SC(=O)N1,,30000,nM
Clc1cc2C(c3c(F)cccc3F)=NCc3c(nc(Nc4ccc(C(=O)O)cc4)nc3)-c2cc1,MLN-8054,30000,nM
FC(F)(F)Oc1cc(-c2n3N=C(NCC4CCN(C)CC4)C=Cc3nc2)ccc1,SGI-1776,30000,nM
O(C[C@@]1CNCCC1)c1c2n(CC)c(-c3c(N)non3)nc2c(C#CC(O)(C)C)nc1,GSK-690693,1173,nM
O=C1c2c3c([nH]c2C(C)(C)c2c1cc(CC)c(N1CCC(N4CCOCC4)CC1)c2)cc(C#N)cc3,ALECTINIB,30000,nM
S(=O)(=O)(CC)N1CCN(c2ccc(Nc3nc(NC4CC4)c(C(=O)N)cn3)cc2)CC1.Cl,Cerdulatinib Hydrochloride,30000,nM
Fc1cc(Cn2ncc3c2ccc(NC2=NC=Nn4c2c(C)c(NC(=O)OC[C@]2NCCOC2)c4)c3)ccc1,AC-480,30000,nM
Clc1c(-c2n(C)ncc2Cl)cc(C(=O)N[C@](CN)Cc2cc(F)ccc2)s1,AFURESERTIB,7,nM
P(=O)(OCCCCCCCCCCCCCCCCCC)(OC1CC[N+](C)(C)CC1)[O-],PERIFOSINE,30000,nM
N(c1ncnc2c1cc1OCCOCCOCCOc1c2)c1cc(C#C)ccc1,ICOTINIB,30000,nM
O=C1N(C)c2c(OC[C@@]1N1C(=O)c3nn(Cc4ccccc4)cc3CC1)cccc2,TP-030-1,1000,nM
O=C(N)c1nn(C)c2-c3nc(Nc4c(OC)ccc(N5CCN(C)CC5)c4)ncc3CCc12,NMS-1286937,30000,nM
Nc1c(-c2n(-c3ccc(C4(N)CCC4)cc3)c3nc(-c4cc(N)ccc4)ccc3n2)cccn1.Cl,,9,nM
NCc1ccc(-n2c(-c3c(N)nccc3)nc3c2ncc(C)c3)cc1.Cl,,10000,nM
NCc1ccc(-n2c(-c3c(N)nccc3)nc3c2nc(-c2ccccc2)cc3)cc1.Cl,,430,nM
OC1(C)CC(c2n3c(c(-c4cc5nc(-c6ccccc6)ccc5cc4)n2)C(N)=NC=C3)C1,LINSITINIB,30000,nM
S=C(NC(=O)Cc1ccc(F)cc1)Nc1cc(F)c(Oc2c3sc(-c4ncc(CNCCOC)cc4)cc3ncc2)cc1,GLESATINIB,30000,nM
O=C([C@@](O)C)N1CCN(Cc2c(C)c3nc(-c4cnc(N)nc4)nc(N4CCOCC4)c3s2)CC1,APITOLISIB,30000,nM
O=C1NC(=O)C=2c3c4c(n(c3)CCO[C@](CN(C)C)CCn3c5c(c(c3)C1=2)cccc5)cccc4,RUBOXISTAURIN,30000,nM
Clc1c(OCc2cc(F)ccc2)ccc(Nc2ncnc3c2cc(-c2oc(CNCCS(=O)(=O)C)cc2)cc3)c1,LAPATINIB,30000,nM
Nc1c(-c2n(-c3ccc(C(C)(C)C)cc3)c3ncccc3n2)cccn1,,71000,nM
Clc1ccc(C(C(=O)N2CCN(c3ncnc4sc5c(c34)CCC5)CC2)CNC2CCCCC2)cc1,,45,nM
Brc1c(n(C)nc1)-c1c(Cl)sc(C(=O)N[C@](CN)Cc2c(C(F)(F)F)cccc2)c1,,25.120001,nM
Clc1c(-c2n(C)ncc2C)cc(C(=O)N[C@](CN)Cc2cc(F)ccc2)s1,,25.120001,nM
Clc1c(-c2n(C)ncc2Cl)cc(C(=O)N[C@]2[C@](c3cc(F)c(F)cc3)C[C@@](CC(=O)NC)NC2)o1,,1.7,nM
O(CCN1CCCCC1)c1cc(-c2n[nH]c3c2cc(-c2[nH]cnn2)cc3)ccc1,CC-401,30000,nM
N(c1nc(/C=C/c2ccccc2)nc(N2CCN(C)CC2)c1)c1n[nH]c(C)c1,ENMD-2076,30000,nM
Clc1cc(NC(=O)Nc2sc(CCNc3ncnc4c3scc4)cn2)ccc1,SNS-314,30000,nM
O=C(Nc1cc2C(=O)NNC=C3C(c4cn(C)nc4)=Nc(c23)c1)C(N)C1CCCCC1,PF-00477736,30000,nM
Clc1c(NC(=O)Nc2noc(C)c2)ccc(Oc2c3c(ncc2)cc(OC)c(OC)c3)c1,TIVOZANIB,30000,nM
Clc1c(-c2cc(C)c3nc(Nc4ccc(OCCN5CCCC5)cc4)nnc3c2)cc(OC(=O)c2ccccc2)cc1,TG100-801,30000,nM
O=C(/C=C/c1[nH]c2c(n1)cccc2)C=1C(=O)Nc2c(C=1c1ccccc1)cc(C)cc2,,1640,nM
Fc1cc2nc(/C=C/C(=O)C=3C(=O)Nc4c(C=3c3ccc(F)cc3)cc(F)cc4)[nH]c2cc1,,1640,nM
Clc1c(n(C)nc1)-c1c(C)sc(C(=O)N[C@](CN)Cc2cc(F)ccc2)c1,,25.120001,nM
Clc1c(-c2n(C)ncc2Cl)cc(C(=O)N[C@](CN)Cc2cc(F)c(F)cc2)s1,,25.120001,nM
Clc1c(-c2n(C)ncc2)cc(C(=O)N[C@](CN)Cc2cc(F)c(F)cc2)o1,,25.120001,nM
O=C1C(c2c3c(n(C)c2)cccc3)=C(c2c3c(n(C4CCN(Cc5ncccc5)CC4)c2)cccc3)C(=O)N1,ENZASTAURIN,30000,nM
Fc1c(OC2=NC=Nn3c2c(C)c(OC[C@](O)C)c3)ccc2[nH]c(C)cc12,BRIVANIB,30000,nM
Fc1c(-c2c(C(=O)N)ccc(N(C(=O)N)c3c(F)cccc3F)n2)ccc(F)c1,VX-702,30000,nM
O=C(O)C1CCC(c2n3N=CN=C(N)c3c(-c3[nH]c4c(OC)cccc4c3)n2)CC1,OSI-027,30000,nM
Fc1cc2/C(=C/c3c(C)c(C(=O)NC[C@](O)CN4CCOCC4)c(C)[nH]3)/C(=O)Nc2cc1,SU-014813,30000,nM
Brc1cc(F)c(Nc2c(F)c3ncn(C)c3cc2C(=O)NOCCO)cc1,BINIMETINIB,30000,nM
S(=O)(=O)(/C=C/c1c(OC)cc(OC)cc1OC)Cc1cc(NCC(=O)O)c(OC)cc1,RIGOSERTIB,30000,nM
Clc1c(-c2n(C)ncc2Cl)cc(C(=O)N[C@]2[C@](c3cc(F)c(F)cc3)C[C@@](CCO)NC2)o1,,0.12,nM
O=C1N2C(=NN1)c1c(nc(c(-c3ccccc3)c1)-c1ccc(C3(N)CCC3)cc1)C=C2.Cl.Cl,,300,nM
Brc1cc(Cl)c(Nc2c(F)c3ncn(C)c3cc2C(=O)NOCCO)cc1,SELUMETINIB,30000,nM
S(=O)(=O)(C(C)C)c1c(Nc2nc(Nc3c(OC)cc(N4CCC(N5CCN(C)CC5)CC4)cc3)ncn2)cccc1,ASP-3026,30000,nM
S(=O)(=O)(NC)Nc1c(F)c(CC=2C(=O)Oc3c(C=2C)ccc(Oc2ncccn2)c3)ccn1,AVUTOMETINIB,30000,nM
Fc1cc(F)cc(Cc2cc3c(NC(=O)c4c(NC5CCOCC5)cc(N5CCN(C)CC5)cc4)n[nH]c3cc2)c1,ENTRECTINIB,30000,nM
Clc1c(F)ccc(Nc2ncnc3c2cc(OCCCN2CCOCC2)c(OC)c3)c1,GEFITINIB,30000,nM
FC(F)(F)c1ccc(/C=C/c2occ(COc3ccc(CCCCn4nncc4)cc3)n2)cc1,MUBRITINIB,30000,nM
Clc1cc(C(=O)Nc2cc(C(F)(F)F)cc(C(F)(F)F)c2)c(O)cc1,IMD-0354,30000,nM
O=C(Nc1cc2N(C(=O)Nc2cc1)C1CCN(Cc2ccc(-c3c(-c4ccccc4)cc4C(=O)NC=Cc4n3)cc2)CC1)C=C,Borussertib,618,nM
Nc1c(-c2n(-c3ccc(C4(N)CCC4)cc3)c3nc(-c4ccccc4)ccc3n2)cccn1.Cl,,8.1000004,nM
Nc1c(-c2n(-c3ccc(C4(N)CCC4)cc3)c3nc(-c4cc(N)ccc4)ccc3n2)cccn1.Cl,,4,nM
O=C(C=C)N1C[C@@](N2C(=O)N(c3ccc(Oc4ccccc4)cc3)c3c(N)ncnc23)CCC1,,30000,nM
O=C(N1CCNCC1)c1ccc(/C=C/c2n[nH]c3c2cccc3)cc1,KW-2449,30000,nM
Nc1c(-c2n(-c3ccc(C4(N)CCC4)cc3)c3nc(-c4cnccc4)ccc3n2)cccn1.Cl,,340,nM
NCc1ccc(-n2c(-c3c(N)nccc3)nc3c2nc(-c2c[nH]nc2)cc3)cc1.Cl,,65,nM
Clc1c(-c2n(C)ncc2C)cc(C(=O)N[C@](CN)Cc2c(C(F)(F)F)cccc2)s1,,25.120001,nM
Clc1c(-c2n(C)ncc2Cl)cc(C(=O)N[C@](CN)Cc2cc(F)c(F)cc2)o1,UPROSERTIB,1.3,nM
Clc1nc2n(c(-c3c(N)nccc3)nc2cc1)-c1ccc(CN)cc1.Cl,,2600,nM
O=C(N)C1=Nn2c(c(-c3ccc(C4(N)CCC4)cc3)nc2C=C1)-c1ccccc1,BAY-1125976,427,nM
Clc1ccc([C@](C(=O)N2CCN(c3c(C)c(CO)ncn3)CC2)CNC(C)C)cc1,,1000,nM
Clc1ccc([C@](C(=O)N2[C@]3[C@@](N(c4ncnc5NC(=O)C[C@@](C)c45)CC2)C3)CNC2CCC(OC)CC2)cc1,,0.5,nM
Clc1ccc([C@](C(=O)N2CCN(c3ncnc4[C@](O)C[C@@](C)c34)CC2)CNCCNC(=O)CCCCCCCCCCC(=O)N[C@@](C(C)(C)C)C(=O)N2[C@@](C(=O)N[C@@](C)c3ccc(-c4c(C)ncs4)cc3)C[C@](O)C2)cc1,,4.1999998,nM
NCc1ccc(-n2c(-c3c(N)nccc3)nc3c2nccc3)cc1.Cl,,100000,nM
O=C1N2C(=NN1)c1c(nc(c(-c3ccccc3)c1)-c1ccc(C3(N)CCC3)cc1)C=C2.Cl.Cl,,65,nM
O=S1(=O)CCC(Cn2nc3C(=O)N([C@@]4C(=O)N(C)c5c(OC4)cccc5)CCc3c2)CC1,TP-030n,1000,nM
O=C(N[C@@](C(C)(C)C)C(=O)N1[C@@](C(=O)N[C@@](C)c2ccc(-c3c(C)ncs3)cc2)C[C@](O)C1)CCCCCCCCCCNC(=O)CCc1cc(-c2nc3n(c(-c4c(N)nccc4)nc3cc2)-c2ccc(C3(N)CCC3)cc2)ccc1,,407,nM
Clc1ccc([C@](C(=O)N2CCN(c3ncnc4[C@](O)C[C@@](C)c34)CC2)CNCCNC(=O)CCCCCCCCCCC(=O)N[C@@](C(C)(C)C)C(=O)N2[C@](C(=O)N[C@@](C)c3ccc(-c4c(C)ncs4)cc3)C[C@@](O)C2)cc1,,8.1000004,nM
Clc1ccc([C@](C(=O)N2[C@]3[C@@](N(c4ncnc5NC(=O)C[C@@](C)c45)CC2)C3)CNC2C3C2COC3)cc1,,1.2,nM
Clc1ccc([C@](C(=O)N2CCN(c3ncnc4[C@](O)C[C@@](C)c34)CC2)CNC(C)C)cc1,IPATASERTIB,8,nM
Clc1ccc([C@](C(=O)N2CCN(c3ncnc4NC(=O)[C@](C)Cc34)CC2)CNC(C)C)cc1,,18,nM
O=C(N)C1=Nn2c(c(-c3ccc(C4(N)CCC4)cc3)nc2C=C1)-c1ccccc1,BAY-1125976,427,nM
Clc1c(-c2n(C)ncc2Cl)cc(C(=O)N[C@](CN)Cc2cc(F)c(F)cc2)o1,UPROSERTIB,1.5,nM
Nc1c(-c2n(-c3ccc(C4(N)CCC4)cc3)c3nc(-c4ccccc4)ccc3n2)cccn1,MIRANSERTIB,9.8999996,nM
Clc1ccc([C@@](NC(=O)C2(N)CCN(c3ncnc4[nH]ccc34)CC2)CCN2CCN(C(=O)CCCCCCCCCCC(=O)N[C@@](C(C)(C)C)C(=O)N3[C@](C(=O)NCc4ccc(-c5c(C)ncs5)cc4)C[C@@](O)C3)CC2)cc1,,88,nM
Clc1ccc(C(C(=O)N2CCN(c3ncnc4sc5c(c34)CCC5)CC2)CNCC)cc1,,101,nM
O=C(Nc1cc2N(C(=O)Nc2cc1)C1CCN(C(=O)c2ccc(-c3c(-c4ccccc4)cc4C(=O)NC=Cc4n3)cc2)CC1)C=C,,18000,nM
O=C(Nc1cc(N2C(=O)C=C(C)c3c2nc(Nc2c(OC)cc(N4CCN(CCCCCCCCCCCCCCNC(=O)CC56CC7CC(C5)CC(C6)C7)CC4)cc2)nc3)ccc1)C=C,,120,nM
O=C(Nc1cc(N2C(=O)C=C(C)c3c2nc(Nc2c(OC)cc(N4CCN(CCOCCOCCNC(=O)CC56CC7CC(C5)CC(C6)C7)CC4)cc2)nc3)ccc1)C=C,,564,nM
O=C(Nc1cc(N2C(=O)C=C(C)c3c2nc(Nc2c(OC)cc(N4CCN(C(=O)CCCCCCCCCCCNC(=O)CC56CC7CC(C5)CC(C6)C7)CC4)cc2)nc3)ccc1)C=C,,1000,nM
O=C(Nc1cc(N2C(=O)C=C(C)c3c2nc(Nc2c(OC)cc(N4CCN(C)CC4)cc2)nc3)ccc1)C=C,,1000,nM
O=C(Nc1cc(N2C(=O)C=C(C)c3c2nc(Nc2c(OC)cc(N4CCN(CCCCCCNC(=O)CC56CC7CC(C5)CC(C6)C7)CC4)cc2)nc3)ccc1)C=C,,1000,nM
O=C(NCCCCCCCCCCCCN1CCN(c2cc(OC)c(Nc3nc4N(c5ccc(NC(=O)C6CC6)cc5)C(=O)C=C(C)c4cn3)cc2)CC1)CC12CC3CC(C1)CC(C2)C3,,1000,nM
O=C(N[C@@](C(C)(C)C)C(=O)N1[C@@](C(=O)N[C@@](C)c2ccc(-c3c(C)ncs3)cc2)C[C@](OCc2ccccc2)C1)CCCCCCCCCCNC(=O)CCc1cc(-c2nc3n(c(-c4c(N)nccc4)nc3cc2)-c2ccc(C3(N)CCC3)cc2)ccc1,,1800,nM
O=C(Nc1cc(N2C(=O)C=C(C)c3c2nc(Nc2c(OC)cc(N4CCN(CCCCCCCCCCCCNC(=O)CC56CC7CC(C5)CC(C6)C7)CC4)cc2)nc3)ccc1)C(C)C,,33,nM
O=C(Nc1cc(N2C(=O)C=C(C)c3c2nc(Nc2c(OC)cc(N4CCN(CCCCCCCCCCCCNC(=O)CC56CC7CC(C5)CC(C6)C7)CC4)cc2)nc3)ccc1)C(C)(C)C,,57,nM
Brc1c(Nc2c(P(=O)(C)C)c3OCCOc3cc2)nc(Nc2c(OC)cc(N3CCC(N4CC(COC)C4)CC3)c(C)c2)nc1,,10000,nM
O=C(Nc1cc(N2C(=O)C=C(C)c3c2nc(Nc2c(OC)cc(N4CCN(CCCCCCCCCCCCNC(=O)CC56CC7CC(C5)CC(C6)C7)CC4)cc2)nc3)ccc1)C=C,,52,nM
O=C1N2C(=NN1)c1c(nc(c(-c3ccccc3)c1)-c1ccc(C3(N)CCC3)cc1)C=C2.Cl.Cl,,65,nM
O=C(Nc1cc2N(C(=O)Nc2cc1)C1CCN(C(=O)c2ccc(-c3c(-c4ccccc4)cc4C(=O)NC=Cc4n3)cc2)CC1)C=C,,4200,nM
O=C(Nc1cc2N(C(=O)Nc2cc1)C1CCN(Cc2ccc(-c3c(-c4ccccc4)cc4C(=O)NC=Cc4n3)cc2)CC1)C=C,Borussertib,650,nM
Clc1ccc([C@](C(=O)N2CCN(c3ncnc4NCC(=O)N(C)c34)CC2)CNC(C)C)cc1,,212,nM
O=C(Nc1cc2N(C(=O)Nc2cc1)C1CCN(Cc2ccc(-c3c(-c4ccccc4)cc4C(=O)NC=Cc4n3)cc2)CC1)C=C,Borussertib,4300,nM
Clc1ccc([C@](C(=O)N2C[C@@]3N(c4ncnc5NC(=O)O[C@@](C)c45)[C@](C2)CC3)CNC(C)C)cc1,,0.2,nM
OC=1c2n(c(c(-c3ccc(C4(N)CCC4)cc3)n2)-c2ccccc2)N=CC=1,,50000,nM
Clc1ccc([C@](C(=O)N2CCN(c3ncnc4NC(=O)CN(C)c34)CC2)CNC(C)C)cc1.Cl,,0.40000001,nM
Clc1ccc([C@](C(=O)N2[C@]3CN(c4ncnc5NC(=O)O[C@@](C)c45)C[C@@]2CC3)CNC(C)C)cc1,,0.40000001,nM
Clc1ccc([C@](C(=O)N2[C@]3[C@@](N(c4ncnc5NC(=O)O[C@@](C)c45)CC2)C3)CNC(C)C)cc1,,0.1,nM
O=C1N2C(=NN1)c1c(nc(c(-c3ccccc3)c1)-c1ccc(C3(N)CCC3)cc1)C=C2,MK-2206,65,nM
Clc1ccc([C@](C(=O)N2CCN(c3ncnc4NC(=O)C[C@@](C(F)(F)F)c34)CC2)CNC(C)C)cc1,,1,nM
Clc1ccc([C@](C(=O)N2CCN(c3ncnc4NC(=O)O[C@](C)c34)CC2)CNC(C)C)cc1.O=CO,,42,nM
Clc1ccc([C@](C(=O)N2CC=C(c3ncnc4NC(=O)C[C@@](C)c34)CC2)CNC(C)C)cc1,,24,nM
O=C(N[C@@](C(C)(C)C)C(=O)N1[C@](C(=O)N[C@@](C)c2ccc(-c3c(C)ncs3)cc2)C[C@@](O)C1)CCCCCCCCCCNC(=O)CCc1cc(-c2nc3n(c(-c4c(N)nccc4)nc3cc2)-c2ccc(C3(N)CCC3)cc2)ccc1,,544,nM
O=C(N(C)C1CCN(c2cc(-c3nc4n(c(-c5c(N)nccc5)nc4cc3)-c3ccc(C4(N)CCC4)cc3)ccc2)CC1)C,VEVORISERTIB,1.3,nM
Brc1c2c(N3CCN(C(=O)C(N4CCN(C)CC4)c4ccc(Cl)cc4)CC3)ncnc2[nH]c1,,4.6999998,nM
Clc1ccc([C@](C(=O)N2CCN(c3ncnc4NC(=O)[C@@]5[C@](c34)C5)CC2)CNC(C)C)cc1,,12,nM
Clc1ccc([C@](C(=O)N2CC3(C2)CN(c2ncnc4NC(=O)C[C@@](C)c24)C3)CNC(C)C)cc1,,953,nM
Clc1ccc([C@](C(=O)N2CCN(c3ncnc4[C@](O)C[C@@](C)c34)CC2)CNC(C)C)cc1,IPATASERTIB,22,nM
Clc1ccc([C@](C(=O)N2[C@@](C)CN(c3ncnc4NC(=O)C[C@@](C)c34)CC2)CNC(C)C)cc1.O=CO,,8.5,nM
Clc1ccc([C@](O)(CN)c2ccc(-c3c[nH]nc3)cc2)cc1,AT-13148,50,nM
Clc1ccc([C@](C(=O)N2[C@@]3[C@](N(c4ncnc5NC(=O)C[C@@](C)c45)CC2)C3)CNC(C)C)cc1,,13,nM
Clc1ccc([C@](C(=O)N2[C@]3[C@@](N(c4ncnc5NC(=O)C[C@@](C)c45)CC2)C3)CNC(C)C)cc1,,0.1,nM
O=C(N)C1=Nn2c(c(-c3ccc(C4(N)CCC4)cc3)nc2C=C1)-c1ccccc1,BAY-1125976,530,nM
Nc1c(-c2n(-c3ccc(C4(N)CCC4)cc3)c3nc(-c4ccccc4)ccc3n2)cccn1,MIRANSERTIB,16,nM
Clc1c(-c2n(C)ncc2Cl)cc(C(=O)N[C@](CN)Cc2cc(F)ccc2)s1,AFURESERTIB,2.5999999,nM
Clc1ccc([C@@](NC(=O)C2(N)CCN(c3ncnc4[nH]ccc34)CC2)CCN2CCN(C(=O)CCOCCOCCOCCOCCOCCNc3c4C(=O)N(C(=O)c4ccc3)C3C(=O)N(C)C(=O)CC3)CC2)cc1,,23,nM
Clc1ccc([C@](C(=O)N2C3CN(c4ncnc5NC(=O)C[C@@](C)c45)CC2CC3)CNC(C)C)cc1,,0.2,nM
O=C(N)C1=Nn2c(c(-c3ccc(C4(N)CCC4)cc3)nc2C=C1)-c1ccccc1,BAY-1125976,427,nM
Clc1ccc([C@](C(=O)N2CCN(c3ncnc4NC(=O)CC(C)c34)CC2)CNC(C)C)cc1,,1.6,nM
Clc1ccc([C@](C(=O)N2C[C@]3[C@@](C2)CN(c2ncnc4NC(=O)C[C@@](C)c24)C3)CNC(C)C)cc1,,6.5999999,nM
Clc1ccc([C@](C(=O)N2CC3N(c4ncnc5NC(=O)C[C@@](C)c45)C(C2)CC3)CNC(C)C)cc1,,0.30000001,nM
Clc1ccc([C@](C(=O)N2CCN(c3ncnc4NC(=O)C[C@](C(F)(F)F)c34)CC2)CNC(C)C)cc1,,135,nM
Clc1ccc([C@](C(=O)N2CCC(c3ncnc4NC(=O)C[C@@](C)c34)CC2)CNC(C)C)cc1,,661,nM
Clc1ccc([C@](C(=O)N2CCN(c3ncnc4NC(=O)C[C@@](C)c34)CC2)CNC(C)C)cc1,,0.2,nM
Clc1ccc([C@](C(=O)N2CCN(C3=CC(=O)NC=C3)CC2)CNC(C)C)cc1,,1000,nM
Clc1ccc([C@](C(=O)N2C3(CN(c4ncnc5NC(=O)C[C@@](C)c45)CC2)CC3)CNC(C)C)cc1,,4.4000001,nM
Clc1ccc([C@](C(=O)N2[C@]3[C@@](N(c4ncnc5NC(=O)C[C@@](C)c45)CC2)C3)CNC2CC2)cc1,,0.1,nM
Clc1ccc([C@](C(=O)N2CCN(c3ncnc4NC(=O)C[C@](C)c34)CC2)CNC(C)C)cc1,,160,nM
O=C(N)C1=Nn2c(c(-c3ccc(C4(N)CCC4)cc3)nc2C=C1)-c1ccccc1,BAY-1125976,200,nM
Clc1ccc([C@](C(=O)N2CCN(c3ncnc4NC(=O)[C@@](C)Cc34)CC2)CNC(C)C)cc1,,9.1000004,nM
Clc1ccc([C@](C(=O)N2CCN(c3ncnc4NC(=O)OC(C)c34)CC2)CNC(C)C)cc1,,1.2,nM
Clc1ccc([C@](C(=O)N2CCN(c3ncnc4NC(=O)[C@]5[C@@](c34)C5)CC2)CNC(C)C)cc1,,61,nM
Clc1ccc([C@](C(=O)N2C[C@@]3N(c4ncnc5NC(=O)CN(C)c45)[C@](C2)CC3)CNC(C)C)cc1,,0.5,nM
